,id_hdv,othe_rec,oth_item,oth_des,oth_char,oth_val
0,0-1-2,1, , , , 
1,0-1-7,1, , , , 
2,0-3-1,1, , , , 
3,0-3-4,1, , , , 
4,0-3-6,1, , , , 
5,0-4-1,1, , , , 
6,0-4-2,1, , , , 
7,0-5-2,1, , , , 
8,0-5-3,1, , , , 
9,0-5-4,1, , , , 
10,0-5-6,1, , , , 
11,0-6-1,1, , , , 
12,0-6-2,1, , , , 
13,0-7-1,1, , , , 
14,0-7-2,1, , , , 
15,0-7-4,1, , , , 
16,0-7-5,1, , , , 
17,0-7-6,1, , , , 
18,0-8-1,1, , , , 
19,0-8-3,1, , , , 
20,0-8-4,1, , , , 
21,0-8-5,1, , , , 
22,0-10-2,1, , , , 
23,0-12-3,1, , , , 
24,0-13-1,1, , , , 
25,0-13-2,1, , , , 
26,0-13-4,1, , , , 
27,0-14-3,1, , , , 
28,0-15-2,1, , , , 
29,0-15-5,1, , , , 
30,0-16-1,1, , , , 
31,0-16-2,1, , , , 
32,0-16-5,1, , , , 
33,0-16-9,1, , , , 
34,0-16-11,1, , , , 
35,0-16-12,1, , , , 
36,0-16-13,1, , , , 
37,0-16-16,1,MUEBLES DE HOGAR OFICINA Y DEP ,"ARTEFACTOS COMPUTADORAS, ETC. ",- ,45000 
38,0-16-21,1, , , , 
39,0-16-22,1, , , , 
40,0-16-24,1, , , , 
41,0-16-26,1, , , , 
42,0-16-28,1, , , , 
43,0-16-30,1, , , , 
44,0-16-31,1, , , , 
45,0-16-34,1, , , , 
46,0-16-35,1, , , , 
47,0-17-3,1, , , , 
48,0-17-4,1, , , , 
49,0-18-1,1, , , , 
50,0-18-2,1, , , , 
51,0-18-4,1, , , , 
52,0-18-5,1, , , , 
53,0-19-3,1, , , , 
54,0-19-5,1, , , , 
55,0-20-2,1, , , , 
56,0-20-3,1, , , , 
57,0-21-1,1, , , , 
58,0-21-3,1, , , , 
59,0-22-1,1, , , , 
60,0-22-2,1, , , , 
61,0-22-3,1, , , , 
62,0-23-2,1, , , , 
63,0-23-3,1, , , , 
64,0-24-1,1, , , , 
65,0-24-2,1, , , , 
66,0-24-3,1, , , , 
67,0-24-4,1, , , , 
68,0-26-1,1, , , , 
69,0-26-2,1, , , , 
70,0-26-3,1, , , , 
71,0-26-4,1, , , , 
72,0-26-5,1, , , , 
73,0-26-7,1, , , , 
74,0-27-3,1, , , , 
75,0-29-1,1, , , , 
76,0-29-3,1, , , , 
77,0-30-3,1, , , , 
78,0-30-4,1, , , , 
79,0-30-5,1, , , , 
80,0-31-1,1, , , , 
81,0-31-2,1, , , , 
82,0-31-3,1, , , , 
83,0-31-4,1, , , , 
84,0-32-1,1, , , , 
85,0-32-5,1, , , , 
86,0-32-6,1, , , , 
87,0-32-7,1, , , , 
88,0-33-2,1, , , , 
89,0-33-3,1, , , , 
90,0-35-1,1, , , , 
91,0-35-3,1, , , , 
92,0-36-1,1, , , , 
93,0-36-2,1, , , , 
94,0-36-3,1, , , , 
95,0-36-4,1, , , , 
96,0-36-5,1, , , , 
97,0-36-6,1, , , , 
98,0-36-7,1, , , , 
99,0-37-1,1,10 COMPUTADORAS ,CABINA DE INTERNET ,COMPUTADORAS DE ESCRITORIO ,10000 
100,0-37-3,1, , , , 
101,0-38-1,1, , , , 
102,0-38-3,1, , , , 
103,0-39-4,1, , , , 
104,0-39-5,1, , , , 
105,0-39-6,1, , , , 
106,0-40-2,1, , , , 
107,0-41-1,1, , , , 
108,0-41-3,1, , , , 
109,0-41-4,1, , , , 
110,0-42-2,1, , , , 
111,0-43-2,1, , , , 
112,0-43-3,1, , , , 
113,0-44-1,1, , , , 
114,0-44-4,1, , , , 
115,0-44-5,1, , , , 
116,0-46-3,1,CASA VIVIENDA ,MATERIAL NOBLE ,DOS PISOS ,80000 
117,0-46-5,1, , , , 
118,0-47-1,1, , , , 
119,0-48-1,1, , , , 
120,0-48-4,1, , , , 
121,0-49-1,1, , , , 
122,0-50-1,1, , , , 
123,0-50-2,1, , , , 
124,0-50-3,1, , , , 
125,0-51-1,1, , , , 
126,0-51-3,1, , , , 
127,0-52-2,1, , , , 
128,0-53-1,1, , , , 
129,0-53-2,1, , , , 
130,0-53-3,1, , , , 
131,0-54-1,1,ACCIONES ,PORTAFOLIO ,VARIAS ACCIONES ,450500 
132,0-55-3,1, , , , 
133,0-55-4,1, , , , 
134,0-57-2,1, , , , 
135,0-57-3,1,TERRENO AGRICOLA ,7 HECTAREAS ,TERRENO AGRICOLA ,200000 
136,0-58-1,1, , , , 
137,0-58-2,1, , , , 
138,0-58-3,1, , , , 
139,0-59-2,1, , , , 
140,0-59-3,1, , , , 
141,0-60-3,1, , , , 
142,0-61-3,1, , , , 
143,0-61-4,1, , , , 
144,0-62-1,1, , , , 
145,0-63-1,1, , , , 
146,0-63-2,1, , , , 
147,0-64-3,1, , , , 
148,0-65-2,1, , , , 
149,0-65-4,1, , , , 
150,0-65-5,1, , , , 
151,0-65-6,1, , , , 
152,0-65-7,1, , , , 
153,0-66-1,1, , , , 
154,0-66-2,1, , , , 
155,0-66-3,1, , , , 
156,0-67-1,1, , , , 
157,0-67-2,1, , , , 
158,0-67-3,1, , , , 
159,0-67-4,1, , , , 
160,0-68-4,1, , , , 
161,0-69-2,1, , , , 
162,0-69-3,1, , , , 
163,0-69-4,1, , , , 
164,0-70-1,1, , , , 
165,0-70-2,1,ELECTRODOMESTICOS ,VARIOS ,VARIOS ,15000 
166,0-70-2,2,JOYAS ,VARIOS ,VARIOS ,10000 
167,0-71-2,1, , , , 
168,0-71-5,1, , , , 
169,0-72-1,1, , , , 
170,0-75-2,1, , , , 
171,0-75-3,1, , , , 
172,0-75-4,1, , , , 
173,0-75-6,1, , , , 
174,0-76-3,1, , , , 
175,0-76-5,1, , , , 
176,0-77-1,1, , , , 
177,0-77-3,1, , , , 
178,0-78-3,1, , , , 
179,0-80-1,1, , , , 
180,0-80-3,1, , , , 
181,0-81-1,1, , , , 
182,0-81-2,1, , , , 
183,0-81-4,1, , , , 
184,0-82-3,1, , , , 
185,0-83-3,1, , , , 
186,0-83-5,1, , , , 
187,0-84-2,1, , , , 
188,0-84-4,1, , , , 
189,0-85-1,1, , , , 
190,0-85-2,1, , , , 
191,0-85-5,1, , , , 
192,0-85-6,1, , , , 
193,0-86-2,1, , , , 
194,0-87-1,1, , , , 
195,0-87-2,1, , , , 
196,0-87-3,1, , , , 
197,0-87-4,1, , , , 
198,0-87-6,1, , , , 
199,0-87-7,1, , , , 
200,0-88-1,1, , , , 
201,0-88-2,1, , , , 
202,0-89-3,1, , , , 
203,0-95-4,1, , , , 
204,0-95-5,1, , , , 
205,0-96-2,1, , , , 
206,0-96-4,1, , , , 
207,0-97-2,1,ACCIONES ,"778,882 ACCIONES S/1 C/U ",ARIANA PUBLICIDAD ,778882 
208,0-97-2,2,PARTICIPACIONES ,TITULAR DE CIAL ,REGBA DIGITAL GIAL ,30000 
209,0-97-2,3,PARTICIPACIONES ,100 PORCIENTO - CONYUGE ,SM MIGUEL ENTERPRISES ,390000 
210,0-97-4,1, , , , 
211,0-97-6,1, , , , 
212,0-97-7,1,ACCIONES ,NEGOCIO PROPIO ,FUNDO BOLAINA VERDE SAC ,528000 
213,0-97-7,2,PINTURA ,ARTISTA GAM ,CUADRO DE MUJER AZUL CON DORAD ,28815 
214,0-97-10,1, , , , 
215,0-97-11,1, , , , 
216,0-97-13,1, , , , 
217,0-97-14,1, , , , 
218,0-97-16,1, , , , 
219,0-97-28,1, , , , 
220,0-97-29,1, , , , 
221,0-97-30,1, , , , 
222,0-97-31,1, , , , 
223,0-97-32,1, , , , 
224,0-97-33,1, , , , 
225,0-97-34,1, , , , 
226,0-97-35,1, , , , 
227,0-98-1,1, , , , 
228,0-98-2,1, , , , 
229,0-99-4,1, , , , 
230,0-99-5,1, , , , 
231,0-100-1,1,CAMIONETA RURAL ,DAIHATSUN ,COLOR BLANCO ,12000 
232,0-100-3,1, , , , 
233,0-101-1,1, , , , 
234,0-101-2,1, , , , 
235,0-101-3,1, , , , 
236,0-101-4,1, , , , 
237,0-102-1,1, , , , 
238,0-102-2,1, , , , 
239,0-102-3,1, , , , 
240,0-103-2,1, , , , 
241,0-103-3,1,ACCIONISTA 80 POR CIENTO ,F M INVERSIONES DEL NORTE SAC ,GERENTE GENERAL ,10000 
242,0-103-3,2,FONDO MUTUO ,BCP ,- ,34000 
243,0-103-3,3,FONDO MUTUO ,BBVA ,- ,34000 
244,0-104-1,1, , , , 
245,0-104-3,1, , , , 
246,0-104-4,1, , , , 
247,0-104-7,1, , , , 
248,0-104-9,1, , , , 
249,0-104-11,1, , , , 
250,0-104-12,1, , , , 
251,0-104-13,1, , , , 
252,0-104-14,1, , , , 
253,0-104-15,1, , , , 
254,0-104-18,1, , , , 
255,0-104-20,1, , , , 
256,0-104-21,1, , , , 
257,0-104-23,1, , , , 
258,0-104-24,1, , , , 
259,0-104-25,1, , , , 
260,0-104-28,1, , , , 
261,0-104-30,1, , , , 
262,0-104-34,1, , , , 
263,0-104-36,1, , , , 
264,0-105-1,1, , , , 
265,0-105-3,1, , , , 
266,0-106-1,1, , , , 
267,0-106-4,1, , , , 
268,0-107-1,1, , , , 
269,0-107-2,1, , , , 
270,0-107-3,1, , , , 
271,0-107-4,1, , , , 
272,0-107-5,1, , , , 
273,0-107-6,1, , , , 
274,0-107-7,1, , , , 
275,0-108-1,1, , , , 
276,0-108-5,1, , , , 
277,0-108-6,1, , , , 
278,0-109-2,1, , , , 
279,0-109-4,1, , , , 
280,0-109-5,1, , , , 
281,0-110-3,1, , , , 
282,0-111-1,1, , , , 
283,0-111-3,1, , , , 
284,0-112-3,1, , , , 
285,0-113-2,1, , , , 
286,0-113-3,1, , , , 
287,0-113-5,1, , , , 
288,0-115-3,1, , , , 
289,0-116-1,1, , , , 
290,0-116-3,1, , , , 
291,0-117-1,1, , , , 
292,0-117-2,1, , , , 
293,0-118-1,1, , , , 
294,0-118-2,1, , , , 
295,0-118-3,1, , , , 
296,0-118-4,1, , , , 
297,0-119-2,1, , , , 
298,0-120-5,1, , , , 
299,0-121-1,1, , , , 
300,0-121-2,1, , , , 
301,0-121-3,1, , , , 
302,0-121-4,1, , , , 
303,0-121-5,1, , , , 
304,0-121-6,1, , , , 
305,0-122-1,1, , , , 
306,0-122-3,1, , , , 
307,0-124-1,1,LIBROS ,VARIOS ,COLECCIONES ,11000 
308,0-125-1,1, , , , 
309,0-125-4,1, , , , 
310,0-125-5,1, , , , 
311,0-125-6,1, , , , 
312,0-126-2,1, , , , 
313,0-126-3,1, , , , 
314,0-128-2,1, , , , 
315,0-128-3,1, , , , 
316,0-129-1,1,CUENTA BANCARIA ,CUENTA CTS ,CAJA SULLANA ,21410.62 
317,0-129-1,2,ACCIONES ,EMP TR Y SS TURISMO SIGLO XXI ,PARTICIPACION 19 POR CIENTO ,19000 
318,0-129-2,1, , , , 
319,0-129-3,1, , , , 
320,0-130-1,1,PINTURAS Y OTROS ,VARIADOS TEMAS ,LIENZO AL OLEO ,100000 
321,0-130-1,2,BIBLIOTECA ,COLECCIONES DE OBRAS ,CULTURA - LIBROS ,200000 
322,0-130-1,3,COLECCION ,DIVERSA DON QUIJOTE ,ESCULTURAS - LIBROS - PINTURAS ,200000 
323,0-130-1,4,JOYAS ,RELOJES MONEDAS ETC ,ORO - PLATA ,100000 
324,0-130-1,5,COLECCION ,JUEGOS DE AJEDREZ ,DIVERSOS TEMAS ,100000 
325,0-130-6,1,AHORROS ,BANCO DE CREDITO DEL PERU ,AHORROS ,50000 
326,0-130-7,1, , , , 
327,0-130-8,1,ESTACIONAMIENTO ,COCHERA TECHADO ,DISTRITO DE SOTANO ,59000 
328,0-130-8,2,CASA ,CAMPO CIENEGUILLA BAHIAS II ,ESTADO USUFRUCTO ,600000 
329,0-130-9,1, , , , 
330,0-130-10,1, , , , 
331,0-130-15,1, , , , 
332,0-130-16,1, , , , 
333,0-130-18,1, , , , 
334,0-130-19,1, , , , 
335,0-130-22,1,IMSSMOC SAC ,EMPRESA ,ACCIONISTA 98 POR CIENTO ,68600 
336,0-130-22,2,ESTUDIO JURIDICO Y CONTABLE ,EMPRESA CONCEPCION ,ACCIONISTA 60 POR CIENTO ,60000 
337,0-130-23,1, , , , 
338,0-130-24,1,ACCIONES ,FRAPIO SAC ,1004230 ACCIONES (VALOR 1 SOL) ,1004230 
339,0-130-24,2,JOYAS ,JOYAS DE ORO ,"COLLARES, RELOJES, ANILLO,DIJE ",50000 
340,0-130-26,1, , , , 
341,0-130-27,1, , , , 
342,0-130-29,1, , , , 
343,0-130-32,1, , , , 
344,0-130-33,1, , , , 
345,0-130-35,1, , , , 
346,0-132-1,1, , , , 
347,0-132-3,1, , , , 
348,0-134-1,1, , , , 
349,0-134-2,1, , , , 
350,0-134-3,1, , , , 
351,0-134-5,1, , , , 
352,0-135-4,1, , , , 
353,0-135-6,1, , , , 
354,0-135-7,1, , , , 
355,0-135-8,1, , , , 
356,0-135-9,1, , , , 
357,0-135-10,1, , , , 
358,0-135-11,1, , , , 
359,0-135-12,1, , , , 
360,0-135-14,1, , , , 
361,0-135-17,1, , , , 
362,0-135-18,1, , , , 
363,0-135-22,1, , , , 
364,0-135-24,1, , , , 
365,0-135-25,1, , , , 
366,0-135-26,1, , , , 
367,0-135-27,1, , , , 
368,0-135-29,1, , , , 
369,0-135-30,1, , , , 
370,0-135-31,1, , , , 
371,0-135-34,1, , , , 
372,0-135-35,1, , , , 
373,0-136-1,1, , , , 
374,0-136-2,1, , , , 
375,0-137-3,1, , , , 
376,0-138-1,1, , , , 
377,0-138-4,1, , , , 
378,0-139-1,1, , , , 
379,0-139-2,1, , , , 
380,0-139-3,1, , , , 
381,0-139-5,1, , , , 
382,0-140-2,1, , , , 
383,0-140-3,1, , , , 
384,0-141-2,1, , , , 
385,0-141-5,1, , , , 
386,0-142-2,1,CONCESIÓN PARA CONSERVACIÓN ,UBICADO EN FITZCARRALD ,17-MAD-TAM/CON-CON-2018-001 ,1500000 
387,0-142-2,2,CONCESIÓN PARA CASTAÑOS ,UBICADO EN LAS PIEDRAS ,GOREMAD-GGR-PRMFFS/PER/ ,800000 
388,0-143-2,1, , , , 
389,0-143-5,1, , , , 
390,0-144-1,1, , , , 
391,0-144-3,1, , , , 
392,0-144-4,1, , , , 
393,0-144-5,1, , , , 
394,0-145-2,1, , , , 
395,0-145-3,1, , , , 
396,0-145-5,1, , , , 
397,0-146-1,1,ANTIGUEDADES ,CUADROS Y TALLAS ,ESC. CUZQUEÑA Y QUITEÑA ,33000 
398,0-146-1,2,MENAJE DE CASA ,MUEBLES Y ARTEFACTOS ,DE MADERA Y ELECTRICOS ,50000 
399,0-146-1,3,OBJETOS DE ARTE ,"OLEOS, PORCELANA, CRISTAL ",DE USO EN HOGAR ,85000 
400,0-146-1,4,JOYAS ,"ORO, PLATA, GEMAS ",DE USO PERSONAL ,65000 
401,0-146-4,1, , , , 
402,0-146-5,1,MENAJE Y EQUIPOS ,"PINTURAS, COMPUTADORAS, JOYAS ",VARIOS ,20000 
403,0-146-10,1,PINTURA ,NOMBRE: PARAISO ,OLEO PINTOR: CHRISTIAN BENDAYA ,20000 
404,0-146-14,1, , , , 
405,0-146-16,1, , , , 
406,0-146-17,1, , , , 
407,0-146-19,1, , , , 
408,0-146-21,1, , , , 
409,0-146-24,1, , , , 
410,0-146-30,1, , , , 
411,0-146-32,1, , , , 
412,0-146-34,1, , , , 
413,0-146-36,1, , , , 
414,0-147-1,1, , , , 
415,0-147-3,1, , , , 
416,0-148-3,1, , , , 
417,0-148-5,1, , , , 
418,0-149-1,1, , , , 
419,0-149-3,1, , , , 
420,0-150-2,1, , , , 
421,0-150-3,1, , , , 
422,0-150-4,1, , , , 
423,0-150-5,1, , , , 
424,0-150-6,1, , , , 
425,0-150-7,1, , , , 
426,2-1-1,1, , , , 
427,2-1-2,1, , , , 
428,2-1-3,1, , , , 
429,2-2-3,1, , , , 
430,2-3-4,1, , , , 
431,2-3-5,1, , , , 
432,2-4-1,1, , , , 
433,2-4-3,1, , , , 
434,2-5-3,1, , , , 
435,2-6-1,1, , , , 
436,2-6-3,1, , , , 
437,2-7-1,1, , , , 
438,2-7-3,1, , , , 
439,2-8-1,1, , , , 
440,2-8-2,1, , , , 
441,2-8-3,1, , , , 
442,2-9-1,1, , , , 
443,2-9-3,1, , , , 
444,2-10-1,1, , , , 
445,2-10-5,1,AHORROS ,BANCO GNB ,CUENTA DE AHORROS ,23904.79 
446,2-10-5,2,DEPOSITO A PLAZO ,BANCO GNB ,DEPOSITO A PLAZO FIJO ,400000 
447,2-10-5,3,AHORROS ,BBVA ,CUENTA DE AHORROS ,25695.96 
448,2-10-5,4,INVERSIONES ,BANCO DE CRÉDITO DEL PERÚ ,"ACCIONES, BONOS Y FONDOS MUTUO ",1872395.75 
449,2-10-7,1,MERILL LYNCH ,ACCIONES ,ESTADOS UNIDOS ,216628.5 
450,2-10-7,2,CUENTA BANCARIA ,BANK OF AMERICA ,CUENTA CORRIENTE EEUU ,107000 
451,2-10-7,3,CUENTA BANCARIA ,WELLS FARGO ,CUENTA CORRIENTE EEUU ,151000 
452,2-10-7,4,CUENTA BANCARIA ,WELLS FARGO ,CUENTA DE AHORROS ,83160 
453,2-10-9,1, , , , 
454,2-10-10,1, , , , 
455,2-10-11,1, , , , 
456,2-10-12,1, , , , 
457,2-10-13,1,SORIA ABOGADOS SAC ,50 POR CIENTO DE ACCIONES ,DINERARIA Y BIENES ,15000 
458,2-10-14,1, , , , 
459,2-10-16,1,PINTURAS ,OLEOS ,- ,50000 
460,2-10-16,2,JOYAS ,"SORTIJAS,, COLLARES, RELOJES ",- ,100000 
461,2-10-16,3,"FONDOS MUTOS,RENTA FIJA,BONOS ",BANCARIOS ,- ,2833050 
462,2-10-16,4,PLATERIA ,"FUENTES, JUEGO DE TE ",- ,50000 
463,2-10-20,1, , , , 
464,2-10-22,1,JOYAS ,COLLARES Y OTROS ,ORO Y PLATA ,120000 
465,2-10-22,2,MUEBLES COCINA ,VARIOS ,VARIOS ,591506.09 
466,2-10-22,3,950 ACCIONES ,FSR ASESORÍA Y GESTIONES SAC ,212.96 SOLES POR ACCION ,202312 
467,2-10-22,4,"10,000 ACCIONES ",ROLL SUSHI S.A.C. ,1.00 SOL POR ACCION ,10000 
468,2-10-23,1,PANTALLA LED ,USO PUBLICITARIO ,PANTALLA LED 12X6 MTS ,208320 
469,2-10-28,1, , , , 
470,2-10-31,1,ACCIONES ,MULTISERVICIOS VISTA ALEGRE ,SOCIEDAD ANONIMA CERRADA ,10000 
471,2-10-32,1, , , , 
472,2-11-1,1, , , , 
473,2-11-3,1, , , , 
474,2-12-2,1, , , , 
475,2-12-4,1, , , , 
476,2-12-5,1, , , , 
477,2-13-1,1, , , , 
478,2-13-2,1, , , , 
479,2-13-3,1, , , , 
480,2-14-2,1, , , , 
481,2-14-3,1, , , , 
482,2-15-1,1,GANADO VACUNO ,"VACAS, VAQUILLONAS Y TORETES ",CEBU BRAHMAN PURO POR CRUCE ,42000 
483,2-15-2,1, , , , 
484,2-15-3,1, , , , 
485,2-16-2,1, , , , 
486,2-16-4,1, , , , 
487,2-16-5,1, , , , 
488,2-17-1,1, , , , 
489,2-17-2,1, , , , 
490,2-18-1,1, , , , 
491,2-18-2,1, , , , 
492,2-18-3,1, , , , 
493,2-18-5,1, , , , 
494,2-19-3,1, , , , 
495,2-19-4,1, , , , 
496,2-20-1,1, , , , 
497,2-20-2,1, , , , 
498,2-20-3,1, , , , 
499,2-20-4,1, , , , 
500,2-21-1,1, , , , 
501,2-22-2,1, , , , 
502,2-22-3,1, , , , 
503,2-23-1,1, , , , 
504,2-23-2,1, , , , 
505,2-23-3,1, , , , 
506,2-23-4,1, , , , 
507,2-24-2,1, , , , 
508,2-25-1,1, , , , 
509,2-25-2,1, , , , 
510,2-25-3,1, , , , 
511,2-26-1,1, , , , 
512,2-26-2,1, , , , 
513,2-26-3,1, , , , 
514,2-27-2,1, , , , 
515,2-27-3,1, , , , 
516,2-28-3,1, , , , 
517,2-28-4,1, , , , 
518,2-29-2,1, , , , 
519,2-30-1,1, , , , 
520,2-30-2,1, , , , 
521,2-30-3,1, , , , 
522,2-30-4,1, , , , 
523,2-30-5,1, , , , 
524,2-30-6,1, , , , 
525,2-30-7,1, , , , 
526,2-30-10,1, , , , 
527,2-30-11,1, , , , 
528,2-30-13,1, , , , 
529,2-30-16,1, , , , 
530,2-30-17,1, , , , 
531,2-30-18,1, , , , 
532,2-30-20,1, , , , 
533,2-30-21,1, , , , 
534,2-30-22,1, , , , 
535,2-30-25,1, , , , 
536,2-30-27,1, , , , 
537,2-30-28,1, , , , 
538,2-30-29,1, , , , 
539,2-30-30,1, , , , 
540,2-30-31,1, , , , 
541,2-30-32,1, , , , 
542,2-30-34,1, , , , 
543,2-30-35,1, , , , 
544,2-30-36,1, , , , 
545,2-31-1,1, , , , 
546,2-31-3,1, , , , 
547,2-32-4,1, , , , 
548,2-33-1,1, , , , 
549,2-33-2,1,OTROS ,MENAJE FAMILIAR ,VARIOS ,13000 
550,2-33-4,1,VARIOS ,VARIOS ,PROPIOS DEL HOGAR ,10000 
551,2-33-5,1, , , , 
552,2-33-6,1,OTROS ,MENAJE FAMILIAR ,VARIOS ,20000 
553,2-33-7,1, , , , 
554,2-33-8,1, , , , 
555,2-33-9,1,OTROS ,MENAJE DE HOGAR ,VARIOS ,15000 
556,2-33-10,1, , , , 
557,2-33-11,1,OTROS ,MENAJE FAMILIAR ,VARIOS ,20000 
558,2-33-12,1,OTRO ,ENCERES ,BIENES DENTRO DE LA VIVIENDA ,15000 
559,2-33-13,1,OTROS ,MENAJE FAMILIAR ,VARIOS ,10000 
560,2-33-14,1, , , , 
561,2-33-15,1,OTROS ,MENAJE FAMILIAR ,VARIOS ,20000 
562,2-33-17,1,VARIOS ,MENAJE FAMILIAR ,PROPIOS DEL HOGAR ,10000 
563,2-33-18,1,OTROS ,MENAJE FAMILIAR ,VARIOS ,20000 
564,2-33-20,1,OTROS ,MENAJE FAMILIAR ,VARIOS ,15000 
565,2-33-22,1, , , , 
566,2-33-26,1,OTROS ,MENAJE FAMILIAR ,VARIOS ,10000 
567,2-33-29,1,OTROS ,MENAJE FAMILIAR ,VARIOS ,10000 
568,2-33-30,1, , , , 
569,2-33-31,1,OTROS ,MENAJE FAMILIAR ,VARIOS ,20000 
570,2-33-32,1,OTROS ,MENAJE FAMILIAR ,VARIOS ,15000 
571,2-33-33,1,OTROS ,MENAJE FAMILIAR ,VARIOS ,15000 
572,2-33-36,1,OTROS ,MENAJE FAMILIAR ,VARIOS ,37210 
573,2-35-1,1, , , , 
574,2-36-2,1, , , , 
575,2-36-4,1, , , , 
576,2-36-5,1, , , , 
577,2-37-3,1, , , , 
578,2-37-4,1, , , , 
579,2-38-3,1, , , , 
580,2-38-4,1, , , , 
581,2-38-5,1, , , , 
582,2-39-2,1, , , , 
583,2-40-1,1, , , , 
584,2-41-1,1, , , , 
585,2-41-2,1, , , , 
586,2-41-3,1, , , , 
587,2-41-4,1, , , , 
588,2-41-6,1, , , , 
589,2-42-1,1, , , , 
590,2-42-3,1, , , , 
591,2-43-1,1, , , , 
592,2-43-2,1, , , , 
593,2-43-4,1, , , , 
594,2-43-5,1, , , , 
595,2-44-1,1, , , , 
596,2-44-2,1, , , , 
597,2-45-1,1, , , , 
598,2-46-1,1, , , , 
599,2-46-3,1, , , , 
600,2-46-4,1, , , , 
601,2-47-1,1, , , , 
602,2-47-2,1, , , , 
603,2-47-3,1, , , , 
604,2-47-4,1, , , , 
605,2-48-1,1, , , , 
606,2-48-2,1, , , , 
607,2-48-3,1, , , , 
608,2-48-4,1, , , , 
609,2-48-5,1, , , , 
610,2-49-3,1, , , , 
611,2-49-4,1, , , , 
612,2-49-5,1, , , , 
613,2-49-6,1,EMPRESA ,EN SOCIEDAD ,PARTIDA 11326033 ,20000 
614,2-49-6,2,EMPRESA ,EN SOCIEDAD ,PARTIDA 11399960 ,110000 
615,2-50-1,1, , , , 
616,2-50-2,1, , , , 
617,2-50-5,1, , , , 
618,2-51-1,1, , , , 
619,2-51-2,1, , , , 
620,2-51-5,1, , , , 
621,2-51-6,1, , , , 
622,2-51-7,1, , , , 
623,2-52-2,1,TERRENO ,CASERIO LA LEGUIA ,650 MTS2 ,200000 
624,2-52-4,1, , , , 
625,2-52-5,1, , , , 
626,2-52-7,1, , , , 
627,2-53-1,1,JOYAS ,"JOYAS, AROS Y OTROS ","JOYAS, AROS Y OTROS ",38000 
628,2-53-4,1, , , , 
629,2-55-1,1,JOYAS DE ORO Y SIMILARES ,"CADENAS, PULSERAS ",ORO 18 K ,35000 
630,2-55-1,2,MUEBLES DE HOGAR ,"MUEBLES DE HOGAR - TV, SALA CO ",MUEBLES DE HOGAR ,25000 
631,2-55-3,1, , , , 
632,2-55-4,1,MUEBLES DE HOGAR ,MUEBLES DE SALA ,MADERA ,20000 
633,2-55-4,2,MUEBLES DE HOGAR ,JUEGO DE COMEDOR ,MADERA ,30000 
634,2-55-4,3,MUEBLES DE COCINA ,ELECTRO DOMESTICOS ,DIVERSAS ,20000 
635,2-55-4,4,MUEBLES DE DORMITORIO ,JUEGOS DE DORMITORIO ,MADERA ,30000 
636,2-55-4,5,MUEBLES ELECTRICOS ,DIVERSOS ARTEFACTOS ELECTRICOS ,DIVERSAS ,30000 
637,2-55-5,1, , , , 
638,2-56-1,1, , , , 
639,2-56-2,1, , , , 
640,2-56-3,1, , , , 
641,2-56-4,1, , , , 
642,2-57-1,1, , , , 
643,2-57-3,1, , , , 
644,2-58-1,1, , , , 
645,2-58-3,1, , , , 
646,2-59-2,1, , , , 
647,2-59-3,1, , , , 
648,2-60-3,1, , , , 
649,2-61-1,1, , , , 
650,2-61-4,1, , , , 
651,2-62-3,1, , , , 
652,2-62-4,1, , , , 
653,2-62-5,1, , , , 
654,2-63-1,1, , , , 
655,2-63-2,1, , , , 
656,2-63-3,1, , , , 
657,2-63-5,1, , , , 
658,2-64-3,1, , , , 
659,2-65-3,1, , , , 
660,2-66-1,1, , , , 
661,2-66-2,1, , , , 
662,2-66-3,1,BIBLIOTECA ,LIBROS ,TEXTOS DIVERSOS Y COLECCIONES ,20000 
663,2-67-1,1, , , , 
664,2-67-3,1, , , , 
665,2-69-1,1, , , , 
666,2-69-2,1, , , , 
667,2-69-3,1, , , , 
668,2-70-1,1,FONDO INVERSIÓN ,GRUPO CORIL SAB ,FI BP6 SOLES ,750000 
669,2-70-1,2,ACCIONES ,TRANS NORTH SAC ,ACCIONES ,21775000 
670,2-70-7,1, , , , 
671,2-72-1,1, , , , 
672,2-72-2,1, , , , 
673,2-72-3,1, , , , 
674,2-72-4,1, , , , 
675,2-74-1,1, , , , 
676,2-74-3,1, , , , 
677,2-74-5,1, , , , 
678,2-74-6,1, , , , 
679,2-75-1,1, , , , 
680,2-75-3,1, , , , 
681,2-76-1,1, , , , 
682,2-76-4,1, , , , 
683,2-76-6,1, , , , 
684,2-77-3,1, , , , 
685,2-78-1,1,AUDIO ,EQUIPOS SONIDO ,CONSOLAS - PARLANTES - MOCROFO ,396000 
686,2-78-1,2,LUCES ,LUMINOTECNIA ,CONSOLA - CABEZAS MOILES-L LED ,33000 
687,2-78-1,3,ESCENOGRAFIA ,ESTRUCTURAS Y EFECTOS ,ESCENARIOS.ACROS-KABUVI-HUMOS ,16500 
688,2-78-2,1, , , , 
689,2-79-1,1, , , , 
690,2-79-2,1, , , , 
691,2-79-3,1, , , , 
692,2-79-5,1, , , , 
693,2-80-2,1, , , , 
694,2-80-3,1, , , , 
695,2-80-4,1, , , , 
696,2-81-1,1,OTROS ,MENAJE FAMILIARES ,ENCERES FAMILIARES ,80000 
697,2-81-4,1,OTROS ,MENAJE FAMILIAR ,ENCERES Y BIENES FAMILIARES ,12000 
698,2-82-4,1, , , , 
699,2-82-5,1, , , , 
700,2-83-3,1, , , , 
701,2-83-4,1, , , , 
702,2-84-1,1, , , , 
703,2-84-2,1, , , , 
704,2-84-3,1, , , , 
705,2-85-2,1, , , , 
706,2-85-5,1, , , , 
707,2-85-7,1, , , , 
708,2-86-1,1,ACCIONES ,PARTICIPACIONES ,BIENES DINERARIOS ,131250 
709,2-86-4,1, , , , 
710,2-87-1,1, , , , 
711,2-87-2,1, , , , 
712,2-87-3,1, , , , 
713,2-88-3,1, , , , 
714,2-89-1,1, , , , 
715,2-89-4,1, , , , 
716,2-90-4,1, , , , 
717,2-91-1,1, , , , 
718,2-91-2,1,ACCIONES ,LAVILL INVESTMENTS EIRL ,SERVICIOS GENERALES ,20000 
719,2-91-4,1, , , , 
720,2-91-5,1,CUENTA A PLAZOS ,CAJA SULLANA ,CUENTA PLAZO FIJO ,29614 
721,2-91-5,2,CUENTA AHORROS ,INTERBANK ,CUENTA AHORROS SUPER TASA SOLI ,75627 
722,2-91-5,3,CUENTA AHORROS ,BANCO CREDITO DEL PERU ,CUENTA AHORROS SOLES ,27727 
723,2-91-5,4,CUENTA AHORROS ,BANCO DE LA NACION ,CUENTA AHORRO SOLES ,279195 
724,2-91-6,1,DEPOSITO A PLAZO FIJO ,CAJA MAYNAS ,AHORROS PERSONALES ,100000 
725,2-91-6,2,CTA DE AHORRO ,BANCO DE CREDITO ,AHORROS PERSONALES ,190000 
726,2-91-7,1,BANCO PICHINCHA ,ACCIONES ,12936.00 ,12936 
727,2-91-7,2,LEON Y GUEVARA CONSULTORES ,ACCIONES ,900 ,40000 
728,2-91-7,3,LUMI SOLAR SRL ,PARTICIPACIONES ,7000 ,10000 
729,2-91-12,1,ACCIONES ,RAFAMAR SA ,ACCIONES ,40000 
730,2-91-13,1, , , , 
731,2-91-14,1, , , , 
732,2-91-15,1, , , , 
733,2-91-16,1, , , , 
734,2-91-17,1, , , , 
735,2-91-19,1,DEPOSITO A PLAZO FIJO ,FINANCIERA EFECTIVA ,PLAZO FIJO ,100000 
736,2-91-22,1, , , , 
737,2-91-23,1,ACCIONES ,AGRICOLA HUARMEY SAC ,3 POR CIENTO ,70000 
738,2-91-23,2,ACCIONES ,CPACASCI ,CEMENTO PACASMAYO ,50929.5 
739,2-91-23,3,ACCIONES ,GLOBAL CONCEPT FOOD COMPANY SA ,20 POR CIENTO ,70000 
740,2-91-23,4,ACCIONES ,DESARROLLO AGRICOLA SAC ,MAYOR A 1 POR CIENTO ,12000 
741,2-91-23,5,OTROS CIEN POR CIENTO BIEN PRO ,POLIZA DE SEGURO -RENTA GARANT ,PERIODO GARANTIZADO 1/7/2023 ,450000 
742,2-91-23,6,ACCIONES ,INMOBILIARIA LA ESMERALDA DEL ,33 POR CIENTO ,240000 
743,2-91-23,7,AHORROS ,BANCO DE CREDITO ,CUENTA DE AHORROS DOLARES ,16207333.3 
744,2-91-23,8,AHORROS ,BBVA BANCO CONTINENTAL ,CUENTA AHORRO SOLES ,42403.51 
745,2-91-24,1, , , , 
746,2-91-25,1, , , , 
747,2-91-26,1, , , , 
748,2-91-29,1, , , , 
749,2-91-31,1, , , , 
750,2-91-32,1, , , , 
751,2-91-33,1, , , , 
752,2-91-34,1, , , , 
753,2-91-35,1,PAGO DE TERRENOS ,CUOTAS MENSUALES DE 2 LOTES ,EN EL DISTRITO DE VILLA MARIA ,274680 
754,2-91-35,2,PAGO DE TERRENO ,CUOTA MENSUAL DE 1 LOTE ,HUACHO ,10000 
755,2-91-36,1, , , , 
756,2-93-2,1, , , , 
757,2-93-3,1, , , , 
758,2-93-4,1, , , , 
759,2-93-5,1, , , , 
760,2-94-1,1, , , , 
761,2-94-4,1, , , , 
762,2-95-1,1, , , , 
763,2-95-3,1, , , , 
764,2-95-4,1, , , , 
765,2-96-1,1, , , , 
766,2-96-2,1, , , , 
767,2-97-2,1, , , , 
768,2-97-3,1, , , , 
769,2-98-2,1, , , , 
770,2-98-3,1, , , , 
771,2-99-3,1, , , , 
772,2-100-1,1, , , , 
773,2-100-2,1, , , , 
774,2-100-4,1, , , , 
775,2-102-2,1, , , , 
776,2-102-4,1, , , , 
777,2-104-1,1, , , , 
778,2-104-2,1, , , , 
779,2-104-3,1, , , , 
780,2-104-4,1, , , , 
781,2-104-5,1, , , , 
782,2-105-2,1, , , , 
783,2-106-2,1, , , , 
784,2-106-3,1, , , , 
785,2-107-2,1, , , , 
786,2-108-1,1, , , , 
787,2-109-1,1, , , , 
788,2-109-3,1, , , , 
789,2-110-3,1, , , , 
790,2-111-4,1, , , , 
791,2-112-1,1,ACCIONES ,SERVICIOS INTEGRALES DE SALUD ,CENTRO MEDICO - MONTE SINAI ,20000 
792,2-112-4,1, , , , 
793,2-112-6,1, , , , 
794,2-114-1,1, , , , 
795,2-114-2,1, , , , 
796,2-114-4,1, , , , 
797,2-114-6,1, , , , 
798,2-115-5,1, , , , 
799,2-115-6,1, , , , 
800,2-115-11,1, , , , 
801,2-115-12,1, , , , 
802,2-115-13,1, , , , 
803,2-115-14,1, , , , 
804,2-115-15,1, , , , 
805,2-115-18,1, , , , 
806,2-115-19,1, , , , 
807,2-115-22,1, , , , 
808,2-115-24,1, , , , 
809,2-115-26,1, , , , 
810,2-115-27,1, , , , 
811,2-115-28,1, , , , 
812,2-115-35,1, , , , 
813,2-115-36,1, , , , 
814,2-117-2,1, , , , 
815,2-117-3,1, , , , 
816,2-118-3,1, , , , 
817,2-119-3,1, , , , 
818,2-120-1,1, , , , 
819,2-120-2,1, , , , 
820,2-120-3,1, , , , 
821,2-120-4,1, , , , 
822,2-120-6,1, , , , 
823,2-121-2,1, , , , 
824,2-122-1,1, , , , 
825,2-122-2,1, , , , 
826,2-122-3,1, , , , 
827,2-123-2,1, , , , 
828,2-124-2,1, , , , 
829,2-125-2,1, , , , 
830,2-125-3,1, , , , 
831,2-126-2,1, , , , 
832,2-126-6,1, , , , 
833,2-127-2,1, , , , 
834,2-127-3,1, , , , 
835,2-129-1,1, , , , 
836,2-129-3,1, , , , 
837,2-129-6,1, , , , 
838,2-130-2,1,ACCIONES ,ACCIONES ,EMPRESA LUYOB EIRL ,50000 
839,2-130-3,1, , , , 
840,2-130-4,1, , , , 
841,2-130-5,1,ACCIONES ,CIEN POR CIENTO DE ACCIONES ,EMPRESA ORTHODENTS PERÚ EIRL ,45000 
842,2-130-6,1, , , , 
843,2-131-3,1, , , , 
844,2-131-4,1, , , , 
845,2-131-5,1, , , , 
846,2-132-1,1, , , , 
847,2-132-2,1, , , , 
848,2-133-3,1, , , , 
849,2-133-4,1, , , , 
850,2-135-3,1, , , , 
851,2-136-1,1, , , , 
852,2-136-2,1, , , , 
853,2-136-4,1, , , , 
854,2-136-7,1, , , , 
855,2-138-1,1, , , , 
856,2-138-3,1, , , , 
857,2-140-1,1, , , , 
858,2-141-3,1, , , , 
859,2-142-1,1, , , , 
860,2-142-3,1, , , , 
861,2-143-1,1, , , , 
862,2-143-3,1, , , , 
863,2-145-2,1, , , , 
864,2-145-3,1, , , , 
865,2-145-4,1, , , , 
866,2-145-6,1, , , , 
867,2-146-3,1, , , , 
868,2-146-4,1, , , , 
869,2-146-5,1, , , , 
870,2-148-5,1, , , , 
871,2-149-1,1,PATENTE ,GUIA DEL COMPRADOR ,LOGO Y MARCA ,200000 
872,2-149-3,1, , , , 
873,2-149-4,1, , , , 
874,2-150-1,1,MAQUINA ,PLOTTER DE IMPRESION ,LJ 320 P ,50000 
875,2-150-2,1, , , , 
876,2-150-3,1, , , , 
877,2-150-4,1, , , , 
878,2-150-5,1, , , , 
879,3-1-1,1, , , , 
880,3-1-5,1, , , , 
881,3-2-1,1, , , , 
882,3-2-2,1, , , , 
883,3-2-3,1, , , , 
884,3-2-4,1, , , , 
885,3-2-5,1, , , , 
886,3-3-4,1, , , , 
887,3-4-1,1,BICICLETA ,PROFESIONAL ,ALTA GAMA ,11480 
888,3-4-5,1, , , , 
889,3-6-2,1, , , , 
890,3-6-3,1, , , , 
891,3-6-5,1, , , , 
892,3-7-1,1, , , , 
893,3-7-2,1, , , , 
894,3-7-3,1, , , , 
895,3-8-3,1, , , , 
896,3-9-1,1, , , , 
897,3-9-2,1, , , , 
898,3-9-4,1, , , , 
899,3-9-5,1, , , , 
900,3-9-6,1, , , , 
901,3-10-3,1, , , , 
902,3-11-1,1, , , , 
903,3-11-2,1, , , , 
904,3-11-3,1, , , , 
905,3-11-5,1, , , , 
906,3-11-7,1, , , , 
907,3-11-9,1, , , , 
908,3-11-12,1, , , , 
909,3-11-13,1, , , , 
910,3-11-14,1, , , , 
911,3-11-16,1, , , , 
912,3-11-18,1, , , , 
913,3-11-19,1, , , , 
914,3-11-20,1, , , , 
915,3-11-21,1, , , , 
916,3-11-22,1, , , , 
917,3-11-23,1, , , , 
918,3-11-24,1, , , , 
919,3-11-26,1, , , , 
920,3-11-28,1, , , , 
921,3-11-29,1, , , , 
922,3-11-30,1, , , , 
923,3-11-33,1, , , , 
924,3-11-34,1,EMPRESA ,CCIARA SAC ,COMERCIALIZADORA DE ÚTILES DE ,30000 
925,3-11-35,1, , , , 
926,3-12-1,1, , , , 
927,3-12-2,1, , , , 
928,3-12-3,1, , , , 
929,3-13-2,1, , , , 
930,3-13-3,1, , , , 
931,3-13-5,1, , , , 
932,3-14-2,1, , , , 
933,3-15-4,1, , , , 
934,3-16-3,1, , , , 
935,3-16-5,1, , , , 
936,3-16-6,1, , , , 
937,3-17-2,1, , , , 
938,3-17-3,1, , , , 
939,3-18-1,1,MUEBLES Y MENAJE DEL HOGAR ,. ,. ,30000 
940,3-18-2,1, , , , 
941,3-18-4,1, , , , 
942,3-18-5,1, , , , 
943,3-18-6,1, , , , 
944,3-19-4,1, , , , 
945,3-20-3,1, , , , 
946,3-20-5,1, , , , 
947,3-21-1,1,BANCO DE LA NACION ,AHORRO ,CUENTA SUELDO ,29000 
948,3-21-2,1, , , , 
949,3-21-3,1, , , , 
950,3-22-1,1, , , , 
951,3-22-2,1, , , , 
952,3-23-3,1, , , , 
953,3-24-1,1, , , , 
954,3-24-5,1, , , , 
955,3-25-1,1,MENAJE DOMESTICO ,MUEBLES - SALA - COMEDOR - ,BUEN ESTADO ,28500 
956,3-25-1,2,EQUIPO INFORMATICO ,"02 MONITORES CPU , PLOTTER ",BUEN ESTADO ,12500 
957,3-25-3,1, , , , 
958,3-25-4,1, , , , 
959,3-25-5,1, , , , 
960,3-25-6,1, , , , 
961,3-26-1,1, , , , 
962,3-26-3,1, , , , 
963,3-26-4,1, , , , 
964,3-27-1,1,SOCIEDAD CONYUGAL ,"EQUIPOS, ENCERES, MENAJE ","EQUIPOS, ENCERES, MENAJE ",25000 
965,3-27-2,1, , , , 
966,3-27-3,1, , , , 
967,3-28-1,1, , , , 
968,3-28-3,1, , , , 
969,3-28-4,1, , , , 
970,3-29-1,1, , , , 
971,3-30-2,1,"MUEBLES, OBRAS DE ARTE, ETC ","MUEBLES, OBRAS DE ARTE ","MUEBLES, OBRAS DE ARTE ",400000 
972,3-30-3,1, , , , 
973,3-30-4,1,ACCIONES ,DILUM EIRL ,100 XCIENTO ACCIONES ,20000 
974,3-30-4,2,ACCIONES ,OPTIMA EDUCATIVA GLOBAL EIRL ,75 XCIENTO ACCIONES - 3 MIL AC ,9000 
975,3-30-5,1, , , , 
976,3-30-14,1, , , , 
977,3-30-15,1, , , , 
978,3-30-16,1, , , , 
979,3-30-18,1, , , , 
980,3-30-20,1, , , , 
981,3-30-22,1, , , , 
982,3-30-23,1, , , , 
983,3-30-25,1,EMPRESA ,OW CONSTRUCCIONES SCRL ,CONSTRUCCIÓN Y SERVIVCIOS ,70000 
984,3-30-26,1, , , , 
985,3-30-27,1, , , , 
986,3-30-28,1, , , , 
987,3-30-30,1, , , , 
988,3-30-33,1, , , , 
989,3-30-34,1, , , , 
990,3-30-35,1, , , , 
991,3-30-36,1, , , , 
992,3-31-3,1, , , , 
993,3-32-2,1, , , , 
994,3-32-3,1, , , , 
995,3-32-4,1, , , , 
996,3-33-1,1,MUEBLES ,MUEBLES DEL HOGAR ,ELECTRODOMESTICO-MUEBLES ,20000 
997,3-33-3,1, , , , 
998,3-34-1,1, , , , 
999,3-34-2,1, , , , 
1000,3-34-3,1, , , , 
1001,3-35-1,1, , , , 
1002,3-35-3,1, , , , 
1003,3-37-1,1, , , , 
1004,3-37-3,1, , , , 
1005,3-38-3,1, , , , 
1006,3-38-4,1, , , , 
1007,3-39-3,1, , , , 
1008,3-40-2,1, , , , 
1009,3-40-3,1, , , , 
1010,3-41-2,1, , , , 
1011,3-41-3,1, , , , 
1012,3-42-1,1,BIBLIOTECA ,LIBROS ,VARIOS ,200000 
1013,3-42-4,1,MOTOCICLETA ,VESPA 2013 50 CC ,7142-1B ,10000 
1014,3-42-4,2,BONOS Y OTROS FONDOS ,OTROS FONDOS ,OTROS FONDOS ,1850200 
1015,3-42-4,3,RESTAURANTEUR S.A.C ,RUC: 20511918546 ,19 PORCIENTO ,2556640 
1016,3-42-4,4,ALSAXA S.A.C ,RUC: 20600448120 ,23 PORCIENTO ,773720 
1017,3-42-4,5,LARANCINO ,RUC:20555098911 ,23 PORCIENTO ,117740 
1018,3-42-4,6,BARRANCO S.A.C ,RUC: 20512351426 ,18 PORCIENTO ,53824 
1019,3-42-4,7,CASSIS SRLTDA ,RUC: 20220238882 ,10 PORCIENTO ,100920 
1020,3-42-4,8,TAVIRA INVESTMENTS S.A ,FICHA:687269 ,50 PORCIENTO ,16820 
1021,3-42-10,1, , , , 
1022,3-42-11,1, , , , 
1023,3-42-12,1, , , , 
1024,3-42-13,1, , , , 
1025,3-42-15,1, , , , 
1026,3-42-16,1, , , , 
1027,3-42-17,1, , , , 
1028,3-42-18,1, , , , 
1029,3-42-22,1, , , , 
1030,3-42-24,1, , , , 
1031,3-42-25,1, , , , 
1032,3-42-26,1,ACCIONES ,CVERDEC1 (BVL) ,261 ACCIONES ,15363.08 
1033,3-42-26,2,ACCIONES ,MINSURI1 (BVL) ,15043 ACCIONES ,22263.64 
1034,3-42-26,3,ACCIONES ,BVN (BVL) ,833 ACCIONES ,41271.24 
1035,3-42-26,4,ACCIONES ,AAPL (NYSE) ,62 ACCIONES ,55421.86 
1036,3-42-26,5,FONDOS ,SURA REAL ESTATE GLOBAL INCOME ,9.66 CUOTAS ,338983.06 
1037,3-42-26,6,FONDOS ,SURA FIRBI II ,100 CUOTAS ,341814.4 
1038,3-42-26,7,ACCIONES ,UNICORNIO GAMING S.A.C ,139300 ACCIONES ,139300 
1039,3-42-26,8,ACCIONES ,UBOOK S.A.C ,14810 ACCIONES ,75717.87 
1040,3-42-26,9,ACCIONES ,SINBA SURA S.A.C ,250 ACCIONES ,109315.85 
1041,3-42-27,1, , , , 
1042,3-42-28,1, , , , 
1043,3-42-31,1, , , , 
1044,3-42-34,1, , , , 
1045,3-42-35,1, , , , 
1046,3-42-36,1, , , , 
1047,3-43-1,1, , , , 
1048,3-43-2,1, , , , 
1049,3-43-3,1, , , , 
1050,3-44-1,1, , , , 
1051,3-44-3,1, , , , 
1052,3-45-1,1, , , , 
1053,3-45-4,1, , , , 
1054,3-46-1,1, , , , 
1055,3-46-3,1, , , , 
1056,3-47-1,1, , , , 
1057,3-47-2,1, , , , 
1058,3-47-3,1, , , , 
1059,3-47-4,1, , , , 
1060,3-47-11,1, , , , 
1061,3-47-12,1, , , , 
1062,3-47-15,1, , , , 
1063,3-47-17,1, , , , 
1064,3-47-18,1, , , , 
1065,3-47-24,1, , , , 
1066,3-47-27,1, , , , 
1067,3-47-28,1, , , , 
1068,3-47-33,1, , , , 
1069,3-47-34,1, , , , 
1070,3-47-36,1, , , , 
1071,3-48-1,1, , , , 
1072,3-48-2,1, , , , 
1073,3-48-3,1, , , , 
1074,3-49-2,1, , , , 
1075,3-49-3,1, , , , 
1076,3-50-2,1, , , , 
1077,3-50-3,1, , , , 
1078,3-52-1,1, , , , 
1079,3-53-1,1, , , , 
1080,3-53-3,1, , , , 
1081,3-53-5,1, , , , 
1082,3-53-6,1, , , , 
1083,3-54-2,1, , , , 
1084,3-54-4,1, , , , 
1085,3-55-1,1,OTROS ,JOYAS - CTA. BANCARIA ,ALHAJAS-DINERO ,93000 
1086,3-56-2,1, , , , 
1087,3-56-3,1, , , , 
1088,3-56-4,1, , , , 
1089,3-56-5,1, , , , 
1090,3-57-1,1, , , , 
1091,3-57-2,1, , , , 
1092,3-58-2,1, , , , 
1093,3-58-3,1, , , , 
1094,3-59-2,1, , , , 
1095,3-60-1,1, , , , 
1096,3-60-2,1, , , , 
1097,3-61-3,1, , , , 
1098,3-61-4,1, , , , 
1099,3-62-1,1, , , , 
1100,3-62-3,1, , , , 
1101,3-62-5,1, , , , 
1102,3-63-2,1,ESTACION TOTAL ,TOPCON OS-105 ,"TRIPODE DE MADERA, DOS JALON ",17000 
1103,3-63-3,1, , , , 
1104,3-64-1,1,MUEBLES DE SALA ,MUEBLES DE CUERO 3 CUERPOS ,COLOR MARRON ,10000 
1105,3-64-1,2,TELEVISOR 65 PULGADAS ,TELEVISOR LED SMART ,MARCA L G ,10000 
1106,3-64-4,1, , , , 
1107,3-64-5,1, , , , 
1108,3-65-2,1, , , , 
1109,3-65-3,1, , , , 
1110,3-66-3,1, , , , 
1111,3-67-3,1, , , , 
1112,3-67-6,1, , , , 
1113,3-68-1,1,CARGADOR FRONTAL ,VOLVO -L120D ,3.5 CUBOS DE LAMPON ,210000 
1114,3-68-1,2,EXCAVADORA ,CAT 330L ,1.5 CUBOS DE CUCHARA ,180000 
1115,3-68-2,1, , , , 
1116,3-68-3,1, , , , 
1117,3-69-1,1, , , , 
1118,3-70-2,1, , , , 
1119,3-70-3,1, , , , 
1120,3-70-5,1, , , , 
1121,3-72-2,1, , , , 
1122,3-72-3,1, , , , 
1123,3-72-4,1, , , , 
1124,3-72-5,1, , , , 
1125,3-73-1,1, , , , 
1126,3-73-3,1, , , , 
1127,3-73-4,1, , , , 
1128,3-73-5,1, , , , 
1129,3-74-2,1, , , , 
1130,3-74-3,1, , , , 
1131,3-76-1,1, , , , 
1132,3-76-3,1, , , , 
1133,3-76-4,1, , , , 
1134,3-76-5,1, , , , 
1135,3-76-7,1, , , , 
1136,3-77-3,1, , , , 
1137,3-78-2,1, , , , 
1138,3-78-3,1, , , , 
1139,3-78-4,1, , , , 
1140,3-79-1,1, , , , 
1141,3-79-3,1, , , , 
1142,3-80-1,1, , , , 
1143,3-80-2,1, , , , 
1144,3-80-3,1, , , , 
1145,3-80-5,1, , , , 
1146,3-81-2,1, , , , 
1147,3-82-2,1, , , , 
1148,3-82-3,1, , , , 
1149,3-83-1,1, , , , 
1150,3-84-2,1, , , , 
1151,3-84-4,1, , , , 
1152,3-85-2,1, , , , 
1153,3-85-3,1, , , , 
1154,3-85-4,1, , , , 
1155,3-86-2,1, , , , 
1156,3-87-1,1, , , , 
1157,3-87-3,1,LLACSA CONTRATISTAS GRLES SCRL ,850 ACCIONES ,10 SOLES CADA ACCION ,8500 
1158,3-87-4,1, , , , 
1159,3-87-5,1, , , , 
1160,3-88-3,1, , , , 
1161,3-88-4,1, , , , 
1162,3-88-5,1, , , , 
1163,3-90-2,1, , , , 
1164,3-90-5,1, , , , 
1165,3-91-1,1, , , , 
1166,3-91-2,1, , , , 
1167,3-91-3,1, , , , 
1168,3-91-4,1, , , , 
1169,3-92-4,1, , , , 
1170,3-93-2,1, , , , 
1171,3-93-4,1, , , , 
1172,3-93-7,1, , , , 
1173,3-93-11,1, , , , 
1174,3-93-14,1, , , , 
1175,3-93-17,1, , , , 
1176,3-93-20,1, , , , 
1177,3-93-21,1,MUEBLES ,"SALA, COMEDOR, DORMITORIO, ETC ",MOBILARIO DE CASA ,30000 
1178,3-93-23,1, , , , 
1179,3-93-27,1, , , , 
1180,3-93-28,1, , , , 
1181,3-93-30,1, , , , 
1182,3-93-32,1,RELOJ ,ROLEX 045122 ,PERPEND DAREJUST ,20000 
1183,3-94-2,1, , , , 
1184,3-94-3,1, , , , 
1185,3-94-5,1, , , , 
1186,3-96-2,1, , , , 
1187,3-96-3,1, , , , 
1188,3-97-1,1, , , , 
1189,3-97-2,1, , , , 
1190,3-97-4,1, , , , 
1191,3-97-5,1, , , , 
1192,3-98-1,1, , , , 
1193,3-98-3,1, , , , 
1194,3-99-1,1, , , , 
1195,3-100-1,1, , , , 
1196,3-100-3,1, , , , 
1197,3-101-2,1, , , , 
1198,3-101-3,1, , , , 
1199,3-102-1,1, , , , 
1200,3-102-3,1, , , , 
1201,3-102-4,1, , , , 
1202,3-102-5,1, , , , 
1203,3-102-6,1, , , , 
1204,3-102-7,1, , , , 
1205,3-103-2,1, , , , 
1206,3-103-3,1, , , , 
1207,3-104-4,1, , , , 
1208,3-104-5,1, , , , 
1209,3-105-2,1, , , , 
1210,3-105-3,1, , , , 
1211,3-105-4,1, , , , 
1212,3-106-2,1, , , , 
1213,3-106-3,1, , , , 
1214,3-110-1,1, , , , 
1215,3-110-3,1, , , , 
1216,3-111-1,1, , , , 
1217,3-111-2,1, , , , 
1218,3-111-3,1, , , , 
1219,3-112-2,1, , , , 
1220,3-113-1,1, , , , 
1221,3-113-2,1, , , , 
1222,3-114-3,1, , , , 
1223,3-114-4,1, , , , 
1224,3-115-1,1,OTROS ,MENAJE FAMILIAR ,VARIOS ,150000 
1225,3-115-2,1, , , , 
1226,3-115-3,1,OTROS ,BIENES INMUEBLES ,VARIOS ,10000 
1227,3-115-4,1, , , , 
1228,3-116-2,1, , , , 
1229,3-116-3,1, , , , 
1230,3-116-5,1, , , , 
1231,3-116-6,1, , , , 
1232,3-117-1,1, , , , 
1233,3-117-3,1, , , , 
1234,3-118-5,1, , , , 
1235,3-119-2,1, , , , 
1236,3-119-3,1, , , , 
1237,3-120-1,1, , , , 
1238,3-120-3,1, , , , 
1239,3-120-5,1, , , , 
1240,3-121-1,1, , , , 
1241,3-121-2,1, , , , 
1242,3-121-3,1, , , , 
1243,3-122-2,1, , , , 
1244,3-122-3,1, , , , 
1245,3-124-2,1, , , , 
1246,3-124-3,1, , , , 
1247,3-125-2,1, , , , 
1248,3-125-4,1,COESCA INGS. EIRL ,EMPRESA ,RUBRO DE CONSTRUCCIÓN ,500000 
1249,3-125-5,1,JOYAS DE ORO ,"CADENAS, ARETES, DIJES, ANILLO ",EN BUEN ESTADO ,12000 
1250,3-126-1,1, , , , 
1251,3-126-2,1, , , , 
1252,3-126-3,1, , , , 
1253,3-126-4,1, , , , 
1254,3-127-2,1, , , , 
1255,3-128-1,1, , , , 
1256,3-128-2,1, , , , 
1257,3-128-3,1, , , , 
1258,3-129-1,1, , , , 
1259,3-129-3,1, , , , 
1260,3-130-1,1, , , , 
1261,3-130-2,1, , , , 
1262,3-131-4,1, , , , 
1263,3-131-5,1, , , , 
1264,3-132-1,1, , , , 
1265,3-133-1,1, , , , 
1266,3-133-3,1, , , , 
1267,3-133-6,1,EMBARCACIONES ARTESANALES ,5 UNIDADES ,MADERO MOTOR CENTRO ,400000 
1268,3-134-1,1, , , , 
1269,3-134-3,1, , , , 
1270,3-135-1,1,PINTURAS ,20 CUADROS ,OLIOS ,19000 
1271,3-135-2,1, , , , 
1272,3-135-3,1, , , , 
1273,3-135-4,1, , , , 
1274,3-135-6,1, , , , 
1275,3-135-7,1, , , , 
1276,3-136-1,1, , , , 
1277,3-136-2,1, , , , 
1278,3-137-1,1, , , , 
1279,3-137-4,1, , , , 
1280,3-138-9,1,ACCIONES ,CILCOSA ,COMPAÑIA INMOBILIARIA ,364000 
1281,3-138-10,1, , , , 
1282,3-138-11,1,INVERSIONES SAN BENEDICTO SAC ,BIENES INMUEBLES ,ACCIONISTA (ESPOSO) ,20000 
1283,3-138-15,1, , , , 
1284,3-138-18,1, , , , 
1285,3-138-19,1,ACCIONES (95 POR CIENTO) ,EMPRESA RUC 20510258577 ,SERVICIOS GENERALES ,154071 
1286,3-138-20,1,ACCIONISTA (CONYUGE) ,ASIVTEL SRL ,BIENES/SERVICIOS/OBRAS ,1093378 
1287,3-138-20,2,ACCIONISTA ,MACAP TECNOLOGY ,BIENES Y SERVICIOS/ ,75100 
1288,3-138-27,1, , , , 
1289,3-138-29,1, , , , 
1290,3-138-30,1, , , , 
1291,3-138-31,1,JOYA ,ARETES GARGANTILLAS ANILLOS ,ORO DE 18 KILATES ,100200 
1292,3-138-32,1, , , , 
1293,3-138-36,1, , , , 
1294,3-139-1,1, , , , 
1295,3-139-2,1, , , , 
1296,3-139-4,1, , , , 
1297,3-140-1,1, , , , 
1298,3-140-3,1,TRACTOR ,AGRICOLA LAMBORGINI ,R3EVO110-SERIE 05187-2012 ,92000 
1299,3-141-1,1, , , , 
1300,3-141-3,1, , , , 
1301,3-141-5,1, , , , 
1302,3-142-2,1, , , , 
1303,3-142-3,1, , , , 
1304,3-142-4,1, , , , 
1305,3-145-4,1, , , , 
1306,3-146-2,1, , , , 
1307,3-146-3,1, , , , 
1308,3-147-1,1, , , , 
1309,3-147-2,1, , , , 
1310,3-148-3,1, , , , 
1311,3-149-1,1, , , , 
1312,3-149-5,1, , , , 
1313,4-1-2,1, , , , 
1314,4-2-1,1, , , , 
1315,4-2-2,1, , , , 
1316,4-3-1,1, , , , 
1317,4-3-2,1, , , , 
1318,4-3-4,1, , , , 
1319,4-4-2,1,EMPRESA ,ACCIONES ,SOCIEDAD ANÓNIMA CERRADA ,195000 
1320,4-4-3,1, , , , 
1321,4-6-1,1, , , , 
1322,4-6-2,1, , , , 
1323,4-6-3,1, , , , 
1324,4-7-2,1, , , , 
1325,4-7-3,1, , , , 
1326,4-7-4,1, , , , 
1327,4-7-5,1, , , , 
1328,4-8-3,1, , , , 
1329,4-9-2,1, , , , 
1330,4-9-3,1, , , , 
1331,4-9-4,1, , , , 
1332,4-10-1,1, , , , 
1333,4-10-2,1, , , , 
1334,4-10-3,1, , , , 
1335,4-11-1,1, , , , 
1336,4-11-2,1, , , , 
1337,4-11-3,1, , , , 
1338,4-12-1,1, , , , 
1339,4-12-2,1, , , , 
1340,4-12-3,1, , , , 
1341,4-12-4,1, , , , 
1342,4-13-1,1, , , , 
1343,4-13-2,1, , , , 
1344,4-13-3,1, , , , 
1345,4-13-4,1, , , , 
1346,4-13-5,1, , , , 
1347,4-14-2,1, , , , 
1348,4-14-3,1, , , , 
1349,4-15-1,1, , , , 
1350,4-15-2,1, , , , 
1351,4-15-5,1, , , , 
1352,4-16-1,1, , , , 
1353,4-16-2,1, , , , 
1354,4-16-4,1, , , , 
1355,4-17-1,1, , , , 
1356,4-17-6,1, , , , 
1357,4-17-7,1, , , , 
1358,4-18-4,1, , , , 
1359,4-20-1,1, , , , 
1360,4-20-2,1, , , , 
1361,4-22-1,1, , , , 
1362,4-22-2,1, , , , 
1363,4-22-5,1, , , , 
1364,4-23-2,1, , , , 
1365,4-23-3,1, , , , 
1366,4-24-1,1, , , , 
1367,4-24-3,1, , , , 
1368,4-25-3,1, , , , 
1369,4-26-1,1, , , , 
1370,4-26-2,1, , , , 
1371,4-26-3,1, , , , 
1372,4-27-3,1, , , , 
1373,4-31-2,1, , , , 
1374,4-31-3,1, , , , 
1375,4-31-4,1,MAISON SAC ,PERSONA JURÍDICA ,SERVICIOS GENERALES ,120000 
1376,4-31-4,2,EECOM SAC ,PERSONA JURÍDICA-SIN ACTIVIDAD ,OBRAS ELÉCTRICAS ,296000 
1377,4-31-7,1, , , , 
1378,4-31-8,1, , , , 
1379,4-31-10,1, , , , 
1380,4-31-13,1, , , , 
1381,4-31-14,1, , , , 
1382,4-31-16,1, , , , 
1383,4-31-23,1, , , , 
1384,4-31-27,1, , , , 
1385,4-31-31,1, , , , 
1386,4-31-32,1, , , , 
1387,4-31-33,1, , , , 
1388,4-31-34,1, , , , 
1389,4-31-35,1, , , , 
1390,4-31-36,1, , , , 
1391,4-32-3,1, , , , 
1392,4-33-1,1, , , , 
1393,4-33-3,1, , , , 
1394,4-33-4,1, , , , 
1395,4-34-4,1, , , , 
1396,4-34-6,1, , , , 
1397,4-34-7,1, , , , 
1398,4-35-2,1, , , , 
1399,4-35-3,1, , , , 
1400,4-35-5,1, , , , 
1401,4-36-1,1, , , , 
1402,4-36-4,1, , , , 
1403,4-37-1,1, , , , 
1404,4-37-2,1, , , , 
1405,4-37-4,1, , , , 
1406,4-37-5,1, , , , 
1407,4-38-1,1, , , , 
1408,4-38-2,1, , , , 
1409,4-38-4,1, , , , 
1410,4-38-5,1, , , , 
1411,4-39-4,1, , , , 
1412,4-40-1,1, , , , 
1413,4-40-2,1, , , , 
1414,4-40-3,1, , , , 
1415,4-42-1,1,ACCIONES ,GABINOHOME S.L. ,98 PARTICIPACIONES EMPRESA ,12000 
1416,4-42-1,2,CUENTA DE AHORRO ,BBVA ,PERU ,12000 
1417,4-42-1,3,CUENTA DE AHORRO ,BANCO SANTANDER ,ESPAÑA ,100000 
1418,4-42-4,1, , , , 
1419,4-42-5,1, , , , 
1420,4-43-4,1, , , , 
1421,4-44-2,1, , , , 
1422,4-44-3,1, , , , 
1423,4-45-2,1, , , , 
1424,4-45-3,1, , , , 
1425,4-46-1,1, , , , 
1426,4-46-3,1, , , , 
1427,4-47-3,1, , , , 
1428,4-48-3,1, , , , 
1429,4-48-28,1, , , , 
1430,4-49-1,1, , , , 
1431,4-49-3,1, , , , 
1432,4-49-4,1, , , , 
1433,4-49-5,1, , , , 
1434,4-49-6,1, , , , 
1435,4-49-8,1, , , , 
1436,4-49-9,1, , , , 
1437,4-49-10,1, , , , 
1438,4-49-12,1, , , , 
1439,4-49-13,1, , , , 
1440,4-49-18,1, , , , 
1441,4-49-20,1, , , , 
1442,4-49-24,1, , , , 
1443,4-49-25,1, , , , 
1444,4-49-26,1, , , , 
1445,4-49-29,1, , , , 
1446,4-49-30,1, , , , 
1447,4-49-31,1, , , , 
1448,4-49-32,1, , , , 
1449,4-49-33,1, , , , 
1450,4-49-35,1, , , , 
1451,4-51-3,1, , , , 
1452,4-52-2,1, , , , 
1453,4-54-4,1, , , , 
1454,4-55-1,1,ACCIONES ,23.62/100 ACCIONES ,EMPRESA TURISTICA CECILIA SAC ,200000 
1455,4-55-3,1, , , , 
1456,4-55-4,1, , , , 
1457,4-56-1,1, , , , 
1458,4-56-2,1, , , , 
1459,4-56-3,1, , , , 
1460,4-57-2,1, , , , 
1461,4-58-1,1, , , , 
1462,4-58-2,1, , , , 
1463,4-59-1,1, , , , 
1464,4-59-2,1, , , , 
1465,4-60-1,1, , , , 
1466,4-60-2,1, , , , 
1467,4-60-3,1, , , , 
1468,4-61-1,1, , , , 
1469,4-61-2,1,SILLONES DENTALES ,3 UNIDADES ,MATERIAL DENTAL ENTRE OTROS ,35000 
1470,4-61-3,1, , , , 
1471,4-61-4,1,BOTICA ,2 BOTICAS ,VENTA DE MEDICAMENTOS ,50000 
1472,4-61-5,1, , , , 
1473,4-62-2,1, , , , 
1474,4-62-3,1, , , , 
1475,4-62-4,1, , , , 
1476,4-63-4,1, , , , 
1477,4-63-6,1, , , , 
1478,4-63-7,1, , , , 
1479,4-64-1,1, , , , 
1480,4-64-2,1, , , , 
1481,4-65-1,1,TERRENO ,JUNIN HUANCAYO PILCOMAYO PSJE ,BALSAPATA LT5 ,40000 
1482,4-65-3,1, , , , 
1483,4-66-1,1, , , , 
1484,4-66-4,1, , , , 
1485,4-67-3,1, , , , 
1486,4-67-4,1, , , , 
1487,4-68-2,1, , , , 
1488,4-68-4,1, , , , 
1489,4-68-6,1, , , , 
1490,4-68-7,1, , , , 
1491,4-69-4,1, , , , 
1492,4-70-1,1, , , , 
1493,4-70-2,1, , , , 
1494,4-71-1,1, , , , 
1495,4-71-3,1, , , , 
1496,4-71-4,1, , , , 
1497,4-71-5,1, , , , 
1498,4-72-2,1, , , , 
1499,4-72-4,1, , , , 
1500,4-73-1,1, , , , 
1501,4-73-4,1, , , , 
1502,4-73-5,1, , , , 
1503,4-74-4,1, , , , 
1504,4-75-2,1, , , , 
1505,4-75-5,1, , , , 
1506,4-76-1,1, , , , 
1507,4-77-1,1, , , , 
1508,4-78-3,1,50 ,GANADO ,VACUNO ,120000 
1509,4-79-2,1, , , , 
1510,4-79-6,1, , , , 
1511,4-80-4,1, , , , 
1512,4-81-1,1, , , , 
1513,4-81-3,1, , , , 
1514,4-82-1,1, , , , 
1515,4-82-3,1, , , , 
1516,4-82-5,1, , , , 
1517,4-83-2,1, , , , 
1518,4-83-3,1, , , , 
1519,4-84-5,1, , , , 
1520,4-84-6,1, , , , 
1521,4-85-1,1, , , , 
1522,4-85-4,1, , , , 
1523,4-85-5,1, , , , 
1524,4-86-2,1, , , , 
1525,4-88-1,1, , , , 
1526,4-88-4,1, , , , 
1527,4-89-1,1, , , , 
1528,4-89-3,1, , , , 
1529,4-90-1,1, , , , 
1530,4-90-2,1, , , , 
1531,4-90-4,1, , , , 
1532,4-90-5,1, , , , 
1533,4-90-6,1, , , , 
1534,4-91-1,1, , , , 
1535,4-91-3,1, , , , 
1536,4-92-1,1,BIBLIOTECA PERSONAL ,"MÁS DE 10,000 LIBROS ",UBICADOS EN UNA ZONA ESPECIAL ,101500 
1537,4-92-1,2,CUADROS Y ARTE ,APROXIMADAMENTE 25 ,DISTRIBUIDOS EN DISTINTOS AMBI ,17000 
1538,4-92-1,3,MOBILIARIO ,ENSERES VARIADOS ,DISTRIBUÍDOS EN DISTINTOS AMBI ,201000 
1539,4-92-2,1,JOYAS ,JOYAS DE USO PERSONAL ,"ORO, BRILLANTES, PIEDRAS PRECI ",150000 
1540,4-92-2,2,MUEBLES Y ENSERES ,"MENAJES, ARTEFACTOS, EQUIPOS E ",DEL HOGAR ,70000 
1541,4-92-4,1, , , , 
1542,4-92-6,1, , , , 
1543,4-92-7,1,OBJETOS ,OBRAS DE ARTE ,PINTURAS Y ESCULTURAS ,30000 
1544,4-92-10,1,ACCIONES ,FCM CONSTRUCCIONES SAC ,18 POR CIENTO ,338180.07 
1545,4-92-12,1, , , , 
1546,4-92-14,1,JOYAS ,USO PERSONAL ,MATERIAL ORO ,16900 
1547,4-92-14,2,ACCIONES ,CIEMSA ,NO APLICA ,1319130 
1548,4-92-14,3,RENTA FIJA ,EMPRESAS VARIAS ,NO APLICA ,1660648 
1549,4-92-14,4,RENTA VARIABLE ,EMPRESAS DIVERSAS ,NO APLICA ,985516.74 
1550,4-92-14,5,INVERSIONES ALTERNATIVAS ,VARIAS ,NO APLICA ,697597.22 
1551,4-92-14,6,PLAZO FIJO ,BANCO BIF ,NO APLICA ,1000000 
1552,4-92-14,7,AHORROS ,SOLES ,NO APLICA ,370000 
1553,4-92-16,1,ACCIONES ,OVERSEAS PRODUCTS AND SPICES ,NO APLICA ,3500000 
1554,4-92-16,2,ACCIONES ,30 - HERBO SPICE PERU SAC ,NO APLICA ,9000000 
1555,4-92-20,1,ACCIONES ,DE COPILOTO S.A.C. ,EQUIVALENTE AL 50 POR CIENTO ,500000 
1556,4-92-20,2,ACCIONES ,DE PLATAFORMAS CREATIVAS S.A.C ,EQUIVALENTE AL 3.87 POR CIENTO ,9393 
1557,4-92-24,1, , , , 
1558,4-92-26,1, , , , 
1559,4-92-27,1, , , , 
1560,4-92-28,1, , , , 
1561,4-92-29,1, , , , 
1562,4-92-30,1, , , , 
1563,4-92-31,1, , , , 
1564,4-92-32,1, , , , 
1565,4-92-34,1,DEPÓSITO A PLAZO FIJO ,FINANC EFECTIVA TFC Y BANCO FA ,"DEPÓSITOS EN SOLES, CUYOS INTE ",807800 
1566,4-92-34,2,AHORRO SOLES ,BANCO GNB ,EXONERADOS DE IMPUESTOS ,12180.1 
1567,4-92-34,3,AHORRO DÓLARES ,BANCO INTERBANK Y GNB ,EXONERADOS DE IMPUESTOS ,92697.98 
1568,4-92-34,4,INVERSIÓN BONOS ,AGENTE DE BOLSA INTELIGO SAB ,DÓLARES ,338000 
1569,4-92-34,5,INVERSION ACCIONES ,OPCION CREDITICIA ,- ,311195 
1570,4-92-34,6,PRÉSTAMO DE ACCIONISTA ,OPCIÓN CREDITICIA ,- ,251353 
1571,4-92-36,1, , , , 
1572,4-94-5,1, , , , 
1573,4-94-6,1, , , , 
1574,4-94-7,1, , , , 
1575,4-95-2,1, , , , 
1576,4-95-5,1, , , , 
1577,4-95-6,1, , , , 
1578,4-95-7,1, , , , 
1579,4-96-1,1, , , , 
1580,4-96-2,1, , , , 
1581,4-97-1,1, , , , 
1582,4-97-2,1, , , , 
1583,4-97-4,1, , , , 
1584,4-98-1,1, , , , 
1585,4-98-3,1, , , , 
1586,4-98-4,1, , , , 
1587,4-99-2,1, , , , 
1588,4-99-3,1, , , , 
1589,4-100-1,1, , , , 
1590,4-100-2,1, , , , 
1591,4-101-1,1, , , , 
1592,4-101-3,1, , , , 
1593,4-101-4,1, , , , 
1594,4-102-2,1, , , , 
1595,4-102-3,1, , , , 
1596,4-103-1,1,MENAJE ,. ,. ,40000 
1597,4-103-4,1, , , , 
1598,4-103-5,1,ACCIONES ,INSUMOS PARA LA INDUSTRIA Y LA ,PARTIGA REGISTRAL 13338734 ,184789 
1599,4-103-5,2,ACCIONES ,LOPEZ PIMENTEL ABOGADOS ASOC ,PARTIDA REGISTRAL 12628139 ,10000 
1600,4-103-6,1, , , , 
1601,4-103-7,1, , , , 
1602,4-103-8,1, , , , 
1603,4-103-9,1, , , , 
1604,4-103-10,1, , , , 
1605,4-103-14,1,BIENES MUEBLES ,"EQUIPOS DE COMPUTO, ELECTRODOM ",ELECTRODOMESTICOS Y OTROS COMP ,18000 
1606,4-103-17,1, , , , 
1607,4-103-18,1, , , , 
1608,4-103-22,1, , , , 
1609,4-103-24,1, , , , 
1610,4-103-25,1, , , , 
1611,4-103-26,1, , , , 
1612,4-103-32,1, , , , 
1613,4-103-35,1, , , , 
1614,4-103-36,1, , , , 
1615,4-104-3,1, , , , 
1616,4-104-4,1, , , , 
1617,4-104-5,1, , , , 
1618,4-105-3,1, , , , 
1619,4-107-1,1, , , , 
1620,4-107-2,1, , , , 
1621,4-107-3,1, , , , 
1622,4-108-2,1, , , , 
1623,4-108-4,1, , , , 
1624,4-109-3,1, , , , 
1625,4-110-2,1, , , , 
1626,4-110-3,1, , , , 
1627,4-111-1,1, , , , 
1628,4-111-2,1, , , , 
1629,4-111-3,1, , , , 
1630,4-111-4,1, , , , 
1631,4-111-5,1, , , , 
1632,4-111-6,1, , , , 
1633,4-112-2,1, , , , 
1634,4-112-3,1, , , , 
1635,4-112-4,1, , , , 
