,id_hdv,resi_rec,resign,resign_year
0,0-1-1,1, , 
1,0-1-2,1, , 
2,0-1-3,1,PARTIDO POLÍTICO SOLIDARIDAD NACIONAL ,2015 
3,0-1-6,1, , 
4,0-1-7,1, , 
5,0-2-1,1, , 
6,0-2-2,1, , 
7,0-2-3,1, , 
8,0-3-1,1, , 
9,0-3-4,1, , 
10,0-3-6,1,ALIANZA ELECTORAL ALIANZA PARA EL PROGRESO DE AREQUIPA ,2016 
11,0-4-1,1, , 
12,0-4-2,1, , 
13,0-5-1,1, , 
14,0-5-2,1,PARTIDO POLÍTICO SOMOS PERÚ ,2019 
15,0-5-3,1, , 
16,0-5-4,1, , 
17,0-5-5,1, , 
18,0-5-6,1, , 
19,0-5-7,1, , 
20,0-6-1,1, , 
21,0-6-2,1,PARTIDO POLÍTICO NACIONALISTA ,2016 
22,0-6-3,1, , 
23,0-7-1,1, , 
24,0-7-2,1, , 
25,0-7-3,1, , 
26,0-7-4,1, , 
27,0-7-5,1, , 
28,0-7-6,1, , 
29,0-8-1,1, , 
30,0-8-3,1, , 
31,0-8-4,1, , 
32,0-8-5,1, , 
33,0-9-2,1, , 
34,0-10-1,1, , 
35,0-10-2,1, , 
36,0-11-1,1,PARTIDO POLÍTICO PARTIDO APRISTA PERUANO ,2013 
37,0-12-1,1,PARTIDO POLÍTICO FUERZA POPULAR ,2019 
38,0-12-3,1, , 
39,0-13-1,1, , 
40,0-13-2,1, , 
41,0-13-3,1, , 
42,0-13-4,1, , 
43,0-13-5,1, , 
44,0-14-1,1, , 
45,0-14-2,1, , 
46,0-14-3,1, , 
47,0-15-1,1, , 
48,0-15-2,1, , 
49,0-15-3,1, , 
50,0-15-4,1, , 
51,0-15-5,1, , 
52,0-16-1,1, , 
53,0-16-2,1, , 
54,0-16-3,1, , 
55,0-16-4,1,PARTIDO POLÍTICO PARTIDO DEMOCRATICO SOMOS PERU ,2014 
56,0-16-5,1, , 
57,0-16-6,1, , 
58,0-16-8,1, , 
59,0-16-9,1, , 
60,0-16-11,1, , 
61,0-16-12,1, , 
62,0-16-13,1, , 
63,0-16-14,1, , 
64,0-16-15,1, , 
65,0-16-16,1, , 
66,0-16-18,1, , 
67,0-16-19,1, , 
68,0-16-20,1, , 
69,0-16-21,1, , 
70,0-16-22,1, , 
71,0-16-23,1, , 
72,0-16-24,1, , 
73,0-16-25,1, , 
74,0-16-26,1,PARTIDO POLÍTICO PARTIDO NACIONALISTA PERUANO ,2017 
75,0-16-27,1, , 
76,0-16-28,1, , 
77,0-16-29,1,PARTIDO POLÍTICO ALIANZA PARA EL PROGRESO ,2010 
78,0-16-29,2,PARTIDO POLÍTICO UNION POR EL PERU ,2006 
79,0-16-30,1, , 
80,0-16-31,1, , 
81,0-16-32,1, , 
82,0-16-34,1, , 
83,0-16-35,1,PARTIDO POLÍTICO ALIANZA PARA EL PROGRESO ,2019 
84,0-16-35,2,PARTIDO POLÍTICO PERU POSIBLE ,2016 
85,0-17-1,1, , 
86,0-17-3,1, , 
87,0-17-4,1, , 
88,0-18-1,1, , 
89,0-18-2,1, , 
90,0-18-4,1, , 
91,0-18-5,1, , 
92,0-19-1,1, , 
93,0-19-3,1, , 
94,0-19-4,1, , 
95,0-19-5,1, , 
96,0-20-1,1, , 
97,0-20-2,1, , 
98,0-20-3,1, , 
99,0-21-1,1, , 
100,0-21-2,1, , 
101,0-21-3,1, , 
102,0-22-1,1, , 
103,0-22-2,1, , 
104,0-22-3,1, , 
105,0-23-1,1,PARTIDO POLÍTICO PARTIDO APRISTA PERUANO ,2019 
106,0-23-2,1, , 
107,0-23-3,1, , 
108,0-23-4,1, , 
109,0-24-1,1, , 
110,0-24-2,1, , 
111,0-24-3,1, , 
112,0-24-4,1, , 
113,0-26-1,1, , 
114,0-26-2,1,PARTIDO POLÍTICO PARTIDO APRISTA PERUANO ,2009 
115,0-26-3,1, , 
116,0-26-4,1, , 
117,0-26-5,1, , 
118,0-26-6,1, , 
119,0-26-7,1, , 
120,0-27-1,1, , 
121,0-27-2,1,PARTIDO POLÍTICO ALIANZA PARA EL PROGRESO ,2017 
122,0-27-3,1,PARTIDO POLÍTICO PARTIDO NACIONALISTA PERUANO ,2013 
123,0-27-4,1,PARTIDO POLÍTICO UNION POR EL PERU ,2010 
124,0-27-6,1, , 
125,0-28-1,1, , 
126,0-28-2,1, , 
127,0-28-3,1, , 
128,0-29-1,1, , 
129,0-29-2,1,MOVIMIENTO REGIONAL O DEPARTAMENTAL MOVIMIENTO POPULAR KALLPA ,2013 
130,0-29-3,1, , 
131,0-30-1,1, , 
132,0-30-3,1, , 
133,0-30-4,1, , 
134,0-30-5,1, , 
135,0-31-1,1, , 
136,0-31-2,1,ALIANZA ELECTORAL ALIANZA ELECTORAL SOLIDARIDAD NACIONAL - UPP ,2019 
137,0-31-3,1, , 
138,0-31-4,1, , 
139,0-31-5,1, , 
140,0-31-6,1, , 
141,0-32-1,1,PARTIDO POLÍTICO PARTIDO APRISTA PERUANO ,2013 
142,0-32-2,1, , 
143,0-32-3,1, , 
144,0-32-4,1, , 
145,0-32-5,1, , 
146,0-32-6,1, , 
147,0-32-7,1, , 
148,0-33-2,1,PARTIDO POLÍTICO ALIANZA PARA EL PROGRESO ,2017 
149,0-33-2,2,MOVIMIENTO REGIONAL O DEPARTAMENTAL FRENTE REGIONAL AYACUCHO ,2014 
150,0-33-3,1, , 
151,0-34-1,1, , 
152,0-34-2,1, , 
153,0-34-3,1, , 
154,0-34-4,1, , 
155,0-35-1,1, , 
156,0-35-2,1, , 
157,0-35-3,1, , 
158,0-36-1,1,PARTIDO POLÍTICO RESTAURACION NACIONAL ,2016 
159,0-36-2,1, , 
160,0-36-3,1, , 
161,0-36-4,1, , 
162,0-36-5,1, , 
163,0-36-6,1, , 
164,0-36-7,1, , 
165,0-37-1,1,PARTIDO POLÍTICO PARTIDO NACIONALISTA PERUANO ,2019 
166,0-37-2,1,MOVIMIENTO REGIONAL O DEPARTAMENTAL MOVIMIENTO INDEPENDIENTE TRABAJANDO PARA TODOS ,2019 
167,0-37-3,1, , 
168,0-38-1,1, , 
169,0-38-2,1, , 
170,0-38-3,1, , 
171,0-39-1,1, , 
172,0-39-2,1,MOVIMIENTO REGIONAL O DEPARTAMENTAL MOVIMIENTO REGIONAL PARA EL DESARROLLO CON SEGURIDAD Y HONRADEZ ,2017 
173,0-39-3,1, , 
174,0-39-4,1, , 
175,0-39-5,1, , 
176,0-39-6,1, , 
177,0-39-7,1, , 
178,0-40-1,1, , 
179,0-40-2,1,PARTIDO POLÍTICO ALIANZA PARA EL PROGRESO ,2005 
180,0-40-3,1,PARTIDO POLÍTICO PERU POSIBLE ,2014 
181,0-40-4,1, , 
182,0-40-5,1,PARTIDO POLÍTICO PARTIDO NACIONALISTA PERUANO ,2016 
183,0-41-1,1, , 
184,0-41-2,1, , 
185,0-41-3,1, , 
186,0-41-4,1,PARTIDO POLÍTICO PERU POSIBLE ,2011 
187,0-42-1,1, , 
188,0-42-2,1, , 
189,0-43-1,1, , 
190,0-43-2,1, , 
191,0-43-3,1, , 
192,0-44-1,1, , 
193,0-44-2,1, , 
194,0-44-3,1, , 
195,0-44-4,1, , 
196,0-44-5,1, , 
197,0-45-1,1, , 
198,0-45-2,1, , 
199,0-45-3,1, , 
200,0-46-1,1, , 
201,0-46-2,1, , 
202,0-46-3,1, , 
203,0-46-4,1, , 
204,0-46-5,1, , 
205,0-47-1,1,PARTIDO POLÍTICO PERU POSIBLE ,2014 
206,0-47-2,1, , 
207,0-47-3,1,PARTIDO POLÍTICO PERU POSIBLE ,2014 
208,0-48-1,1, , 
209,0-48-2,1, , 
210,0-48-3,1, , 
211,0-48-4,1, , 
212,0-49-1,1, , 
213,0-50-1,1, , 
214,0-50-2,1, , 
215,0-50-3,1, , 
216,0-51-1,1, , 
217,0-51-2,1, , 
218,0-51-3,1, , 
219,0-52-1,1, , 
220,0-52-2,1, , 
221,0-53-1,1, , 
222,0-53-2,1, , 
223,0-53-3,1, , 
224,0-54-1,1, , 
225,0-54-4,1, , 
226,0-54-5,1, , 
227,0-54-6,1, , 
228,0-55-3,1, , 
229,0-55-4,1, , 
230,0-56-1,1,MOVIMIENTO REGIONAL O DEPARTAMENTAL FUERZA LORETANA ,2017 
231,0-56-2,1, , 
232,0-57-2,1, , 
233,0-57-3,1, , 
234,0-58-1,1, , 
235,0-58-2,1, , 
236,0-58-3,1, , 
237,0-59-2,1, , 
238,0-59-3,1,PARTIDO POLÍTICO PERU POSIBLE ,2012 
239,0-60-1,1, , 
240,0-60-2,1, , 
241,0-60-3,1, , 
242,0-60-4,1, , 
243,0-61-2,1, , 
244,0-61-3,1, , 
245,0-61-4,1, , 
246,0-62-1,1, , 
247,0-63-1,1, , 
248,0-63-2,1, , 
249,0-63-3,1, , 
250,0-63-4,1, , 
251,0-63-5,1, , 
252,0-64-1,1, , 
253,0-64-2,1, , 
254,0-64-3,1, , 
255,0-64-4,1,PARTIDO POLÍTICO PARTIDO APRISTA PERUANO ,2019 
256,0-65-1,1, , 
257,0-65-2,1, , 
258,0-65-4,1, , 
259,0-65-5,1, , 
260,0-65-6,1, , 
261,0-65-7,1, , 
262,0-66-1,1, , 
263,0-66-2,1,ACCION POPULAR ,2017 
264,0-66-3,1, , 
265,0-67-1,1,MOVIMIENTO REGIONAL O DEPARTAMENTAL CORAZON LIBRE ,2017 
266,0-67-2,1, , 
267,0-67-3,1, , 
268,0-67-4,1, , 
269,0-68-1,1, , 
270,0-68-2,1, , 
271,0-68-3,1, , 
272,0-68-4,1, , 
273,0-69-1,1, , 
274,0-69-2,1, , 
275,0-69-3,1, , 
276,0-69-4,1, , 
277,0-70-1,1,PARTIDO POLÍTICO AGRUPACION INDEPENDIENTE SI CUMPLE ,2010 
278,0-70-2,1,PARTIDO POLÍTICO PARTIDO APRISTA PERUANO ,2010 
279,0-70-3,1, , 
280,0-70-5,1, , 
281,0-71-1,1, , 
282,0-71-2,1,PARTIDO POLÍTICO PARTIDO APRISTA PERUANO ,2013 
283,0-71-5,1, , 
284,0-72-1,1, , 
285,0-72-2,1, , 
286,0-72-3,1, , 
287,0-74-4,1, , 
288,0-75-1,1, , 
289,0-75-2,1, , 
290,0-75-3,1,PARTIDO POLÍTICO PERU POSIBLE ,2010 
291,0-75-4,1, , 
292,0-75-5,1, , 
293,0-75-6,1,PARTIDO POLÍTICO PARTIDO NACIONALISTA PERUANO ,2016 
294,0-76-2,1, , 
295,0-76-3,1, , 
296,0-76-5,1, , 
297,0-77-1,1, , 
298,0-77-2,1,PARTIDO POLÍTICO PARTIDO NACIONALISTA PERUANO ,2019 
299,0-77-3,1, , 
300,0-78-1,1,PARTIDO POLÍTICO PARTIDO APRISTA PERUANO ,2017 
301,0-78-2,1, , 
302,0-78-3,1, , 
303,0-79-2,1, , 
304,0-79-3,1, , 
305,0-80-1,1, , 
306,0-80-3,1, , 
307,0-81-1,1, , 
308,0-81-2,1, , 
309,0-81-3,1, , 
310,0-81-4,1, , 
311,0-82-3,1, , 
312,0-83-2,1, , 
313,0-83-3,1, , 
314,0-83-5,1, , 
315,0-84-1,1,PARTIDO POLÍTICO PARTIDO NACIONALISTA PERUANO ,2015 
316,0-84-1,2,PARTIDO POLÍTICO ALIANZA PARA EL PROGRESO ,2019 
317,0-84-2,1, , 
318,0-84-3,1,MOVIMIENTO REGIONAL O DEPARTAMENTAL PATRIA JOVEN ,2015 
319,0-84-4,1,MOVIMIENTO REGIONAL O DEPARTAMENTAL PATRIA JOVEN ,2014 
320,0-85-1,1, , 
321,0-85-2,1, , 
322,0-85-3,1, , 
323,0-85-4,1, , 
324,0-85-5,1, , 
325,0-85-6,1, , 
326,0-86-2,1, , 
327,0-86-3,1, , 
328,0-87-1,1, , 
329,0-87-2,1,PARTIDO POLÍTICO ALIANZA PARA EL PROGRESO ,2019 
330,0-87-3,1,MOVIMIENTO REGIONAL O DEPARTAMENTAL MOVIMIENTO REGIONAL PARA EL DESARROLLO CON SEGURIDAD Y HONRADEZ ,2019 
331,0-87-4,1, , 
332,0-87-5,1, , 
333,0-87-6,1, , 
334,0-87-7,1, , 
335,0-88-1,1, , 
336,0-88-2,1, , 
337,0-89-1,1, , 
338,0-89-2,1,PARTIDO POLÍTICO ALIANZA PARA EL PROGRESO ,2016 
339,0-89-2,2,PARTIDO POLÍTICO PARTIDO APRISTA PERUANO ,2010 
340,0-89-3,1,"PARTIDO POLÍTICO EL FRENTE AMPLIO POR JUSTICIA, VIDA Y LIBERTAD ",2014 
341,0-95-2,1, , 
342,0-95-3,1, , 
343,0-95-4,1, , 
344,0-95-5,1, , 
345,0-95-6,1, , 
346,0-96-1,1,PARTIDO POLÍTICO PARTIDO APRISTA PERUANO ,2014 
347,0-96-2,1,PARTIDO POLÍTICO RESURGIMIENTO PERUANO ,2005 
348,0-96-3,1,PARTIDO POLÍTICO PARTIDO APRISTA PERUANO ,2013 
349,0-96-4,1, , 
350,0-97-2,1, , 
351,0-97-3,1, , 
352,0-97-4,1, , 
353,0-97-5,1,PARTIDO POLÍTICO PARTIDO POPULAR CRISTIANO - PPC ,2015 
354,0-97-6,1, , 
355,0-97-7,1, , 
356,0-97-9,1, , 
357,0-97-10,1, , 
358,0-97-11,1, , 
359,0-97-12,1, , 
360,0-97-13,1,PARTIDO POLÍTICO PARTIDO POPULAR CRISTIANO - PPC ,2014 
361,0-97-13,2,PARTIDO POLÍTICO PERU PATRIA SEGURA ,2018 
362,0-97-14,1, , 
363,0-97-16,1,PARTIDO POLÍTICO SOLIDARIDAD NACIONAL ,2017 
364,0-97-17,1, , 
365,0-97-18,1, , 
366,0-97-19,1, , 
367,0-97-20,1,PARTIDO POLÍTICO PARTIDO POPULAR CRISTIANO - PPC ,2019 
368,0-97-23,1, , 
369,0-97-25,1, , 
370,0-97-26,1, , 
371,0-97-27,1, , 
372,0-97-28,1, , 
373,0-97-29,1,PARTIDO POLÍTICO PARTIDO NACIONALISTA PERUANO ,2015 
374,0-97-30,1, , 
375,0-97-31,1, , 
376,0-97-32,1, , 
377,0-97-33,1, , 
378,0-97-34,1,PARTIDO POLÍTICO PARTIDO NACIONALISTA PERUANO ,2017 
379,0-97-35,1, , 
380,0-97-36,1, , 
381,0-98-1,1,ALIANZA ELECTORAL ALIANZA ELECTORAL SOLIDARIDAD NACIONAL - UPP ,2018 
382,0-98-2,1,PARTIDO POLÍTICO PARTIDO DEMOCRATICO SOMOS PERU ,2000 
383,0-98-2,2,PARTIDO POLÍTICO PERU POSIBLE ,2010 
384,0-98-4,1,PARTIDO POLÍTICO UNION POR EL PERU ,2017 
385,0-98-5,1, , 
386,0-99-1,1,PARTIDO POLÍTICO ALIANZA PARA EL PROGRESO ,2012 
387,0-99-2,1,PARTIDO POLÍTICO PARTIDO APRISTA PERUANO ,2015 
388,0-99-3,1,MOVIMIENTO REGIONAL O DEPARTAMENTAL PRIMERO LAMBAYEQUE ,2019 
389,0-99-4,1,PARTIDO POLÍTICO PARTIDO APRISTA PERUANO ,2005 
390,0-99-5,1, , 
391,0-100-1,1,MOVIMIENTO REGIONAL O DEPARTAMENTAL MOVIMIENTO REGIONAL SIERRA Y SELVA CONTIGO JUNIN ,2018 
392,0-100-3,1, , 
393,0-100-4,1, , 
394,0-100-5,1, , 
395,0-101-1,1, , 
396,0-101-2,1,MOVIMIENTO REGIONAL O DEPARTAMENTAL FUERZA REGIONAL ,2014 
397,0-101-3,1, , 
398,0-101-4,1,ALIANZA ELECTORAL ALIANZA PERU POSIBLE ,2014 
399,0-102-1,1, , 
400,0-102-2,1, , 
401,0-102-3,1, , 
402,0-103-1,1,PARTIDO POLÍTICO PARTIDO APRISTA PERUANO ,2009 
403,0-103-1,2,PARTIDO POLÍTICO CON FUERZA PERU ,2009 
404,0-103-2,1, , 
405,0-103-3,1,PARTIDO POLÍTICO PARTIDO POPULAR CRISTIANO - PPC ,2018 
406,0-103-4,1, , 
407,0-103-5,1, , 
408,0-104-1,1,PARTIDO POLÍTICO ACCION POPULAR ,2000 
409,0-104-1,2,PARTIDO POLÍTICO RESTAURACION NACIONAL ,2015 
410,0-104-3,1,PARTIDO POLÍTICO VAMOS PERU ,2015 
411,0-104-3,2,PARTIDO POLÍTICO FUERZA POPULAR ,2011 
412,0-104-4,1, , 
413,0-104-5,1,PARTIDO POLÍTICO SOLIDARIDAD NACIONAL ,2014 
414,0-104-7,1,PARTIDO POLÍTICO ACCION POPULAR ,2009 
415,0-104-8,1, , 
416,0-104-9,1,PARTIDO POLÍTICO PARTIDO DEMOCRATICO SOMOS PERU ,2018 
417,0-104-11,1,PARTIDO POLÍTICO PARTIDO DEMOCRATICO SOMOS PERU ,2015 
418,0-104-12,1,PARTIDO POLÍTICO ALIANZA PARA EL PROGRESO ,2007 
419,0-104-13,1, , 
420,0-104-14,1,PARTIDO POLÍTICO PARTIDO POPULAR CRISTIANO - PPC ,2019 
421,0-104-15,1, , 
422,0-104-17,1, , 
423,0-104-18,1,PARTIDO POLÍTICO PARTIDO DEMOCRATICO SOMOS PERU ,2019 
424,0-104-18,2,PARTIDO POLÍTICO ALIANZA PARA EL PROGRESO ,2017 
425,0-104-19,1, , 
426,0-104-20,1,PARTIDO POLÍTICO PERU POSIBLE ,2017 
427,0-104-21,1, , 
428,0-104-23,1, , 
429,0-104-24,1, , 
430,0-104-25,1, , 
431,0-104-26,1, , 
432,0-104-27,1, , 
433,0-104-28,1,PARTIDO POLÍTICO UNION POR EL PERU ,2014 
434,0-104-28,2,PARTIDO POLÍTICO PERU AHORA ,2006 
435,0-104-29,1, , 
436,0-104-30,1, , 
437,0-104-34,1, , 
438,0-104-36,1, , 
439,0-105-1,1, , 
440,0-105-2,1, , 
441,0-105-3,1, , 
442,0-106-1,1, , 
443,0-106-2,1, , 
444,0-106-3,1, , 
445,0-106-4,1,PARTIDO POLÍTICO PARTIDO POPULAR CRISTIANO - PPC ,2019 
446,0-107-1,1, , 
447,0-107-2,1, , 
448,0-107-3,1, , 
449,0-107-4,1, , 
450,0-107-5,1, , 
451,0-107-6,1,PARTIDO POLÍTICO PARTIDO APRISTA PERUANO ,2010 
452,0-107-6,2,PARTIDO POLÍTICO PARTIDO NACIONALISTA PERUANO ,2014 
453,0-107-7,1, , 
454,0-108-1,1,PARTIDO POLÍTICO PARTIDO NACIONALISTA PERUANO ,2010 
455,0-108-3,1, , 
456,0-108-5,1, , 
457,0-108-6,1, , 
458,0-108-7,1, , 
459,0-109-1,1, , 
460,0-109-2,1, , 
461,0-109-3,1, , 
462,0-109-4,1, , 
463,0-109-5,1,ALIANZA ELECTORAL IZQUIERDA UNIDA ,1990 
464,0-110-1,1, , 
465,0-110-2,1, , 
466,0-110-3,1, , 
467,0-111-1,1, , 
468,0-111-2,1, , 
469,0-111-3,1,PARTIDO POLÍTICO PARTIDO APRISTA PERUANO ,2017 
470,0-112-1,1, , 
471,0-112-2,1, , 
472,0-112-3,1, , 
473,0-113-1,1,PARTIDO POLÍTICO PARTIDO NACIONALISTA PERUANO ,2012 
474,0-113-2,1, , 
475,0-113-3,1, , 
476,0-113-4,1,PARTIDO POLÍTICO PARTIDO APRISTA PERUANO ,2009 
477,0-113-5,1, , 
478,0-114-1,1, , 
479,0-115-1,1, , 
480,0-115-3,1, , 
481,0-116-1,1, , 
482,0-116-2,1, , 
483,0-116-3,1, , 
484,0-117-1,1, , 
485,0-117-2,1, , 
486,0-117-3,1, , 
487,0-118-1,1, , 
488,0-118-2,1, , 
489,0-118-3,1, , 
490,0-118-4,1, , 
491,0-119-1,1, , 
492,0-119-2,1,MOVIMIENTO REGIONAL O DEPARTAMENTAL MOVIMIENTO REGIONAL DE MADRE DE DIOS MINEROS UNIDOS ,2010 
493,0-119-3,1, , 
494,0-120-1,1, , 
495,0-120-4,1, , 
496,0-120-5,1, , 
497,0-120-6,1,PARTIDO POLÍTICO PARTIDO NACIONALISTA PERUANO ,2019 
498,0-120-7,1,ORGANIZACIÓN POLÍTICA LOCAL PROVINCIAL ONDAS DEL NORTE ,2006 
499,0-120-7,2,MOVIMIENTO REGIONAL O DEPARTAMENTAL MOVIMIENTO REGIONAL OBRAS + OBRAS ,2006 
500,0-121-1,1,PARTIDO POLÍTICO PERU POSIBLE ,2017 
501,0-121-2,1, , 
502,0-121-3,1, , 
503,0-121-4,1, , 
504,0-121-5,1, , 
505,0-121-6,1,PARTIDO POLÍTICO JUNTOS POR EL PERU ,2019 
506,0-121-7,1, , 
507,0-122-1,1,PARTIDO POLÍTICO PARTIDO NACIONALISTA PERUANO ,2012 
508,0-122-2,1,PARTIDO POLÍTICO PARTIDO APRISTA PERUANO ,2015 
509,0-122-3,1, , 
510,0-122-5,1, , 
511,0-124-1,1, , 
512,0-124-2,1, , 
513,0-125-1,1, , 
514,0-125-3,1, , 
515,0-125-4,1, , 
516,0-125-5,1, , 
517,0-125-6,1, , 
518,0-126-1,1, , 
519,0-126-2,1,PARTIDO POLÍTICO ALIANZA PARA EL PROGRESO ,2011 
520,0-126-2,2,PARTIDO POLÍTICO PARTIDO NACIONALISTA PERUANO ,2014 
521,0-126-3,1,PARTIDO POLÍTICO AGRUPACION INDEPENDIENTE SI CUMPLE ,2010 
522,0-127-1,1,PARTIDO POLÍTICO ACCION POPULAR ,2019 
523,0-128-1,1, , 
524,0-128-2,1, , 
525,0-128-3,1, , 
526,0-129-1,1,PARTIDO POLÍTICO UNION POR EL PERU ,2009 
527,0-129-1,2,PARTIDO POLÍTICO ALIANZA PARA EL PROGRESO ,2017 
528,0-129-2,1, , 
529,0-129-3,1,PARTIDO POLÍTICO ACCION POPULAR ,2019 
530,0-130-1,1,PARTIDO POLÍTICO PARTIDO NACIONALISTA PERUANO ,2008 
531,0-130-2,1, , 
532,0-130-3,1, , 
533,0-130-4,1,PARTIDO POLÍTICO JUNTOS POR EL PERU ,2012 
534,0-130-5,1,PARTIDO POLÍTICO PARTIDO APRISTA PERUANO ,2010 
535,0-130-5,2,PARTIDO POLÍTICO PERUANOS POR EL KAMBIO ,2015 
536,0-130-6,1, , 
537,0-130-7,1,PARTIDO POLÍTICO PARTIDO DEMOCRATICO SOMOS PERU ,2006 
538,0-130-7,2,MOVIMIENTO REGIONAL O DEPARTAMENTAL RENACIMIENTO UNIDO NACIONAL ,2014 
539,0-130-8,1,PARTIDO POLÍTICO PARTIDO DEMOCRATICO SOMOS PERU ,2019 
540,0-130-9,1,PARTIDO POLÍTICO PARTIDO APRISTA PERUANO ,2012 
541,0-130-10,1, , 
542,0-130-11,1, , 
543,0-130-13,1, , 
544,0-130-14,1, , 
545,0-130-15,1, , 
546,0-130-16,1,PARTIDO POLÍTICO CAMBIO RADICAL ,2011 
547,0-130-16,2,ORGANIZACIÓN POLÍTICA LOCAL DISTRITAL CONFIANZA PERU VILLA EL SALVADOR ,2014 
548,0-130-18,1, , 
549,0-130-19,1, , 
550,0-130-20,1, , 
551,0-130-21,1, , 
552,0-130-22,1, , 
553,0-130-23,1,PARTIDO POLÍTICO PERU PATRIA SEGURA ,2015 
554,0-130-23,2,PARTIDO POLÍTICO PARTIDO POPULAR CRISTIANO - PPC ,2012 
555,0-130-24,1, , 
556,0-130-25,1, , 
557,0-130-26,1,PARTIDO POLÍTICO PARTIDO APRISTA PERUANO ,2010 
558,0-130-27,1, , 
559,0-130-28,1,PARTIDO POLÍTICO PERU POSIBLE ,2008 
560,0-130-28,2,PARTIDO POLÍTICO TODOS POR EL PERU ,2019 
561,0-130-29,1, , 
562,0-130-32,1, , 
563,0-130-33,1, , 
564,0-130-34,1, , 
565,0-130-35,1, , 
566,0-130-36,1, , 
567,0-131-1,1, , 
568,0-131-2,1, , 
569,0-131-3,1, , 
570,0-131-4,1, , 
571,0-132-1,1,PARTIDO POLÍTICO TODOS POR EL PERU ,2009 
572,0-132-1,2,PARTIDO POLÍTICO PARTIDO POPULAR CRISTIANO - PPC ,2010 
573,0-132-2,1, , 
574,0-132-3,1,PARTIDO POLÍTICO PARTIDO APRISTA PERUANO ,2011 
575,0-132-4,1, , 
576,0-134-1,1, , 
577,0-134-2,1, , 
578,0-134-3,1, , 
579,0-134-5,1, , 
580,0-135-3,1, , 
581,0-135-4,1, , 
582,0-135-6,1,PARTIDO POLÍTICO UNION POR EL PERU ,2010 
583,0-135-7,1, , 
584,0-135-8,1, , 
585,0-135-9,1, , 
586,0-135-10,1, , 
587,0-135-11,1, , 
588,0-135-12,1, , 
589,0-135-14,1, , 
590,0-135-16,1, , 
591,0-135-17,1, , 
592,0-135-18,1, , 
593,0-135-20,1, , 
594,0-135-22,1, , 
595,0-135-23,1, , 
596,0-135-24,1, , 
597,0-135-25,1, , 
598,0-135-26,1, , 
599,0-135-27,1, , 
600,0-135-28,1, , 
601,0-135-29,1, , 
602,0-135-30,1, , 
603,0-135-31,1, , 
604,0-135-32,1, , 
605,0-135-33,1, , 
606,0-135-34,1, , 
607,0-135-35,1, , 
608,0-135-36,1, , 
609,0-136-1,1, , 
610,0-136-2,1,PARTIDO POLÍTICO ALIANZA PARA EL PROGRESO ,2017 
611,0-137-1,1, , 
612,0-137-3,1, , 
613,0-138-1,1, , 
614,0-138-3,1, , 
615,0-138-4,1, , 
616,0-139-1,1,PARTIDO POLÍTICO PARTIDO APRISTA PERUANO ,2009 
617,0-139-1,2,PARTIDO POLÍTICO UNION POR EL PERU ,2015 
618,0-139-2,1, , 
619,0-139-3,1, , 
620,0-139-5,1, , 
621,0-139-6,1, , 
622,0-140-2,1,MOVIMIENTO REGIONAL O DEPARTAMENTAL MOVIMIENTO INDEPENDIENTE REGIONAL AYLLU ,2017 
623,0-140-2,2,PARTIDO POLÍTICO PERU POSIBLE ,2013 
624,0-140-3,1, , 
625,0-141-2,1, , 
626,0-141-4,1, , 
627,0-141-5,1, , 
628,0-142-1,1, , 
629,0-142-2,1,PARTIDO POLÍTICO PARTIDO APRISTA PERUANO ,2017 
630,0-142-3,1, , 
631,0-143-1,1, , 
632,0-143-2,1, , 
633,0-143-3,1, , 
634,0-143-4,1, , 
635,0-143-5,1, , 
636,0-144-1,1, , 
637,0-144-3,1, , 
638,0-144-4,1, , 
639,0-144-5,1, , 
640,0-145-1,1, , 
641,0-145-2,1,MOVIMIENTO REGIONAL O DEPARTAMENTAL TODOS POR AREQUIPA ,2016 
642,0-145-3,1, , 
643,0-145-4,1, , 
644,0-145-5,1, , 
645,0-146-1,1, , 
646,0-146-2,1,PARTIDO POLÍTICO PARTIDO POPULAR CRISTIANO - PPC ,2013 
647,0-146-3,1, , 
648,0-146-4,1, , 
649,0-146-5,1,CAMBIO 90 ,1994 
650,0-146-6,1, , 
651,0-146-7,1, , 
652,0-146-8,1,PARTIDO POLÍTICO RESTAURACION NACIONAL ,2010 
653,0-146-9,1,PARTIDO POLÍTICO PARTIDO POPULAR CRISTIANO - PPC ,2015 
654,0-146-9,2,PARTIDO POLÍTICO RENOVACION NACIONAL ,2009 
655,0-146-10,1,PARTIDO POLÍTICO PARTIDO APRISTA PERUANO ,2019 
656,0-146-11,1, , 
657,0-146-12,1, , 
658,0-146-14,1,PARTIDO POLÍTICO PERU PATRIA SEGURA ,2015 
659,0-146-15,1, , 
660,0-146-16,1,PARTIDO POLÍTICO SOLIDARIDAD NACIONAL ,2014 
661,0-146-17,1,RENOVACION NACIONAL ,2008 
662,0-146-18,1,PARTIDO POLÍTICO PARTIDO POPULAR CRISTIANO - PPC ,2015 
663,0-146-19,1, , 
664,0-146-20,1, , 
665,0-146-21,1,PARTIDO POPULAR CRISTIANO ,2014 
666,0-146-22,1, , 
667,0-146-23,1, , 
668,0-146-24,1, , 
669,0-146-25,1,PARTIDO POLÍTICO RENOVACION NACIONAL ,2009 
670,0-146-25,2,PARTIDO POLÍTICO PARTIDO POPULAR CRISTIANO - PPC ,2015 
671,0-146-26,1, , 
672,0-146-27,1, , 
673,0-146-28,1, , 
674,0-146-29,1, , 
675,0-146-30,1, , 
676,0-146-31,1, , 
677,0-146-32,1, , 
678,0-146-33,1, , 
679,0-146-34,1, , 
680,0-146-35,1,PARTIDO POLÍTICO PARTIDO POPULAR CRISTIANO - PPC ,1983 
681,0-146-36,1, , 
682,0-147-1,1, , 
683,0-147-2,1, , 
684,0-147-3,1, , 
685,0-148-1,1,PARTIDO POLÍTICO ALIANZA PARA EL PROGRESO ,2017 
686,0-148-3,1, , 
687,0-148-4,1,MOVIMIENTO REGIONAL O DEPARTAMENTAL MOVIMIENTO INDEPENDIENTE REGIONAL RIO SANTA CAUDALOSO ,2019 
688,0-148-4,2,"MOVIMIENTO REGIONAL O DEPARTAMENTAL MOVIMIENTO INDEPENDIENTE NUEVA ESPERANZA REGIONAL ANCASHINA ""NUE ",2011 
689,0-148-5,1, , 
690,0-149-1,1, , 
691,0-149-2,1, , 
692,0-149-3,1, , 
693,0-150-1,1, , 
694,0-150-2,1, , 
695,0-150-3,1,PARTIDO POLÍTICO ALIANZA PARA EL PROGRESO ,2017 
696,0-150-4,1,PARTIDO POLÍTICO AVANZA PAIS - PARTIDO DE INTEGRACION SOCIAL ,2007 
697,0-150-4,2,PARTIDO POLÍTICO ALIANZA PARA EL PROGRESO ,2010 
698,0-150-5,1, , 
699,0-150-6,1, , 
700,0-150-7,1, , 
701,2-1-1,1, , 
702,2-1-2,1, , 
703,2-1-3,1, , 
704,2-2-1,1, , 
705,2-2-2,1, , 
706,2-2-3,1,MOVIMIENTO REGIONAL O DEPARTAMENTAL MOVIMIENTO INDEPENDIENTE REGIONAL AYLLU ,2018 
707,2-3-1,1,MOVIMIENTO REGIONAL O DEPARTAMENTAL MOVIMIENTO ANDINO SOCIALISTA ,2015 
708,2-3-3,1, , 
709,2-3-4,1, , 
710,2-3-5,1, , 
711,2-4-1,1,PARTIDO POLÍTICO PARTIDO APRISTA PERUANO ,2008 
712,2-4-1,2,MOVIMIENTO REGIONAL O DEPARTAMENTAL ACCION REGIONAL ,2015 
713,2-4-2,1,PARTIDO POLÍTICO ACCION POPULAR ,2014 
714,2-4-3,1, , 
715,2-5-1,1,PARTIDO POLÍTICO PARTIDO NACIONALISTA PERUANO ,2016 
716,2-5-2,1, , 
717,2-5-3,1, , 
718,2-5-4,1, , 
719,2-6-1,1,PARTIDO POLÍTICO PARTIDO APRISTA PERUANO ,2015 
720,2-6-2,1, , 
721,2-6-3,1, , 
722,2-6-4,1,PARTIDO POLÍTICO PARTIDO POPULAR CRISTIANO - PPC ,2016 
723,2-6-5,1,PARTIDO POLÍTICO JUNTOS POR EL PERU ,2019 
724,2-7-1,1,PARTIDO POLÍTICO PARTIDO APRISTA PERUANO ,2015 
725,2-7-2,1, , 
726,2-7-3,1, , 
727,2-7-4,1,PARTIDO POLÍTICO PARTIDO POPULAR CRISTIANO - PPC ,2016 
728,2-7-5,1,PARTIDO POLÍTICO JUNTOS POR EL PERU ,2019 
729,2-8-1,1, , 
730,2-8-2,1, , 
731,2-8-3,1, , 
732,2-9-1,1, , 
733,2-9-2,1,PARTIDO POLÍTICO PARTIDO NACIONALISTA PERUANO ,2019 
734,2-9-3,1, , 
735,2-10-1,1, , 
736,2-10-3,1, , 
737,2-10-4,1, , 
738,2-10-5,1, , 
739,2-10-6,1, , 
740,2-10-7,1,PARTIDO POLÍTICO SOLIDARIDAD NACIONAL ,2017 
741,2-10-9,1, , 
742,2-10-10,1, , 
743,2-10-11,1,PARTIDO POLÍTICO PARTIDO POLÍTICO CONTIGO ,2017 
744,2-10-11,2,PARTIDO POLÍTICO CAMBIO RADICAL ,2011 
745,2-10-12,1, , 
746,2-10-13,1, , 
747,2-10-14,1, , 
748,2-10-15,1, , 
749,2-10-16,1, , 
750,2-10-17,1, , 
751,2-10-18,1,PARTIDO POLÍTICO PARTIDO APRISTA PERUANO ,2012 
752,2-10-20,1, , 
753,2-10-22,1, , 
754,2-10-23,1, , 
755,2-10-24,1, , 
756,2-10-25,1, , 
757,2-10-26,1, , 
758,2-10-27,1, , 
759,2-10-28,1, , 
760,2-10-29,1,PARTIDO POLÍTICO PARTIDO DEMOCRATICO SOMOS PERU ,2016 
761,2-10-30,1, , 
762,2-10-31,1, , 
763,2-10-32,1, , 
764,2-10-33,1, , 
765,2-10-34,1, , 
766,2-10-35,1, , 
767,2-11-1,1, , 
768,2-11-3,1, , 
769,2-12-1,1, , 
770,2-12-2,1, , 
771,2-12-3,1, , 
772,2-12-4,1, , 
773,2-12-5,1, , 
774,2-13-1,1, , 
775,2-13-2,1,PARTIDO POLÍTICO PARTIDO NACIONALISTA PERUANO ,2017 
776,2-13-3,1, , 
777,2-14-1,1, , 
778,2-14-2,1, , 
779,2-14-3,1, , 
780,2-15-1,1, , 
781,2-15-2,1, , 
782,2-15-3,1, , 
783,2-16-1,1, , 
784,2-16-2,1, , 
785,2-16-3,1, , 
786,2-16-4,1, , 
787,2-16-5,1, , 
788,2-16-6,1, , 
789,2-16-7,1, , 
790,2-17-1,1,PARTIDO POLÍTICO PARTIDO APRISTA PERUANO ,2017 
791,2-17-2,1,PARTIDO POLÍTICO PARTIDO APRISTA PERUANO ,2014 
792,2-18-1,1, , 
793,2-18-2,1, , 
794,2-18-3,1, , 
795,2-18-5,1, , 
796,2-18-6,1, , 
797,2-19-1,1, , 
798,2-19-2,1, , 
799,2-19-3,1, , 
800,2-19-4,1, , 
801,2-20-1,1, , 
802,2-20-2,1, , 
803,2-20-3,1, , 
804,2-20-4,1, , 
805,2-21-1,1, , 
806,2-21-2,1,PARTIDO POLÍTICO PERU POSIBLE ,2017 
807,2-21-3,1, , 
808,2-21-4,1, , 
809,2-22-1,1,PARTIDO POLÍTICO ALIANZA PARA EL PROGRESO ,2014 
810,2-22-2,1, , 
811,2-22-3,1, , 
812,2-23-1,1,PARTIDO POLÍTICO PARTIDO DEMOCRATICO SOMOS PERU ,2010 
813,2-23-2,1, , 
814,2-23-3,1,MOVIMIENTO REGIONAL O DEPARTAMENTAL CONCERTACION PARA EL DESARROLLO REGIONAL - LIMA ,2012 
815,2-23-4,1, , 
816,2-24-1,1,PARTIDO POLÍTICO PARTIDO APRISTA PERUANO ,2015 
817,2-24-2,1, , 
818,2-24-3,1,PARTIDO POLÍTICO PARTIDO APRISTA PERUANO ,2004 
819,2-25-1,1,MOVIMIENTO REGIONAL O DEPARTAMENTAL MOVIMIENTO CIVICO PERUANO ,2017 
820,2-25-2,1,PARTIDO POLÍTICO VAMOS PERU ,2015 
821,2-25-3,1,PARTIDO POLÍTICO PARTIDO POPULAR CRISTIANO - PPC ,2019 
822,2-26-1,1, , 
823,2-26-2,1, , 
824,2-26-3,1, , 
825,2-26-4,1,PARTIDO POLÍTICO PARTIDO APRISTA PERUANO ,2014 
826,2-27-2,1, , 
827,2-27-3,1, , 
828,2-28-1,1,PARTIDO POLÍTICO ALIANZA PARA EL PROGRESO ,2019 
829,2-28-2,1,PARTIDO POLÍTICO ALIANZA PARA EL PROGRESO ,2019 
830,2-28-3,1, , 
831,2-28-4,1, , 
832,2-29-1,1, , 
833,2-29-2,1, , 
834,2-30-1,1,ORGANIZACIÓN POLÍTICA LOCAL DISTRITAL LA MOLINA HACIA EL GRAN CAMBIO ,2011 
835,2-30-2,1, , 
836,2-30-3,1, , 
837,2-30-4,1,PARTIDO POLÍTICO PARTIDO APRISTA PERUANO ,2009 
838,2-30-5,1, , 
839,2-30-6,1, , 
840,2-30-7,1, , 
841,2-30-8,1, , 
842,2-30-10,1, , 
843,2-30-11,1, , 
844,2-30-12,1,ALIANZA ELECTORAL ALIANZA SOLIDARIDAD NACIONAL ,2015 
845,2-30-12,2,PARTIDO POLÍTICO PARTIDO POPULAR CRISTIANO - PPC ,2013 
846,2-30-13,1, , 
847,2-30-14,1, , 
848,2-30-15,1, , 
849,2-30-16,1,"PARTIDO POLÍTICO EL FRENTE AMPLIO POR JUSTICIA, VIDA Y LIBERTAD ",2015 
850,2-30-17,1, , 
851,2-30-18,1, , 
852,2-30-20,1, , 
853,2-30-21,1, , 
854,2-30-22,1,PARTIDO POLÍTICO PERU NACION ,2018 
855,2-30-22,2,PARTIDO POLÍTICO ALIANZA PARA EL PROGRESO ,2017 
856,2-30-24,1, , 
857,2-30-25,1, , 
858,2-30-26,1, , 
859,2-30-27,1, , 
860,2-30-28,1, , 
861,2-30-29,1, , 
862,2-30-30,1, , 
863,2-30-31,1,PARTIDO POLÍTICO PERU NACION ,2019 
864,2-30-32,1, , 
865,2-30-33,1, , 
866,2-30-34,1, , 
867,2-30-35,1, , 
868,2-30-36,1, , 
869,2-31-1,1, , 
870,2-31-3,1, , 
871,2-32-1,1,PARTIDO POLÍTICO PARTIDO APRISTA PERUANO ,2009 
872,2-32-2,1, , 
873,2-32-3,1, , 
874,2-32-4,1, , 
875,2-32-5,1, , 
876,2-33-1,1, , 
877,2-33-2,1, , 
878,2-33-3,1, , 
879,2-33-4,1, , 
880,2-33-5,1,PARTIDO POLÍTICO PARTIDO NACIONALISTA PERUANO ,2016 
881,2-33-6,1,PARTIDO POLÍTICO PARTIDO NACIONALISTA PERUANO ,2016 
882,2-33-7,1, , 
883,2-33-8,1, , 
884,2-33-9,1, , 
885,2-33-10,1, , 
886,2-33-11,1,PARTIDO POLÍTICO PARTIDO DEMOCRATICO SOMOS PERU ,2017 
887,2-33-12,1,PARTIDO POLÍTICO PARTIDO NACIONALISTA PERUANO ,2013 
888,2-33-12,2,PARTIDO POLÍTICO PARTIDO MOVIMIENTO HUMANISTA PERUANO ,2017 
889,2-33-13,1, , 
890,2-33-14,1,PARTIDO POLÍTICO PARTIDO NACIONALISTA PERUANO ,2013 
891,2-33-15,1, , 
892,2-33-16,1, , 
893,2-33-17,1, , 
894,2-33-18,1, , 
895,2-33-19,1,ALIANZA ELECTORAL ALIANZA SOLIDARIDAD NACIONAL ,2013 
896,2-33-20,1, , 
897,2-33-21,1, , 
898,2-33-22,1, , 
899,2-33-26,1, , 
900,2-33-28,1, , 
901,2-33-29,1, , 
902,2-33-30,1,PARTIDO POLÍTICO PARTIDO NACIONALISTA PERUANO ,2014 
903,2-33-31,1,PARTIDO POLÍTICO ACCION POPULAR ,2019 
904,2-33-32,1,PARTIDO POLÍTICO PARTIDO APRISTA PERUANO ,2019 
905,2-33-33,1, , 
906,2-33-35,1, , 
907,2-33-36,1, , 
908,2-34-2,1, , 
909,2-35-1,1, , 
910,2-36-1,1, , 
911,2-36-2,1,PROGRESEMOS PERU ,2007 
912,2-36-3,1, , 
913,2-36-4,1, , 
914,2-36-5,1, , 
915,2-37-1,1, , 
916,2-37-2,1, , 
917,2-37-3,1, , 
918,2-37-4,1, , 
919,2-37-5,1,PARTIDO POLÍTICO PARTIDO DEMOCRATICO SOMOS PERU ,2014 
920,2-38-1,1, , 
921,2-38-3,1, , 
922,2-38-4,1, , 
923,2-38-5,1, , 
924,2-39-1,1, , 
925,2-39-2,1, , 
926,2-39-3,1, , 
927,2-40-1,1, , 
928,2-40-2,1, , 
929,2-40-3,1, , 
930,2-41-1,1,PARTIDO POLÍTICO PARTIDO APRISTA PERUANO ,2016 
931,2-41-2,1,MOVIMIENTO REGIONAL O DEPARTAMENTAL FUERZA AREQUIPEÑA ,2007 
932,2-41-3,1, , 
933,2-41-4,1,PARTIDO POLÍTICO PARTIDO APRISTA PERUANO ,2010 
934,2-41-5,1, , 
935,2-41-6,1, , 
936,2-42-1,1, , 
937,2-42-2,1, , 
938,2-42-3,1, , 
939,2-43-1,1,PARTIDO NACIONALISTA PERUANO ,2017 
940,2-43-2,1,PARTIDO POLÍTICO PARTIDO NACIONALISTA PERUANO ,2015 
941,2-43-2,2,PARTIDO POLÍTICO ALIANZA PARA EL PROGRESO ,2017 
942,2-43-3,1,PARTIDO POLÍTICO ALIANZA PARA EL PROGRESO ,2017 
943,2-43-4,1, , 
944,2-43-5,1, , 
945,2-44-1,1,MOVIMIENTO REGIONAL O DEPARTAMENTAL QATUN TARPUY ,2019 
946,2-44-2,1,PARTIDO POLÍTICO PARTIDO NACIONALISTA PERUANO ,2016 
947,2-45-1,1,MOVIMIENTO REGIONAL O DEPARTAMENTAL ARRIBA TACNA ,2009 
948,2-45-2,1, , 
949,2-46-1,1, , 
950,2-46-2,1, , 
951,2-46-3,1, , 
952,2-46-4,1, , 
953,2-46-5,1, , 
954,2-47-1,1, , 
955,2-47-2,1, , 
956,2-47-3,1,PARTIDO POLÍTICO MOVIMIENTO NUEVA IZQUIERDA ,2007 
957,2-47-4,1, , 
958,2-48-1,1, , 
959,2-48-2,1,PARTIDO POLÍTICO SOLIDARIDAD NACIONAL ,2017 
960,2-48-2,2,PARTIDO POLÍTICO UNION POR EL PERU ,2013 
961,2-48-3,1, , 
962,2-48-4,1, , 
963,2-48-5,1, , 
964,2-49-1,1,PARTIDO POLÍTICO PERU POSIBLE ,2017 
965,2-49-3,1, , 
966,2-49-4,1, , 
967,2-49-5,1,PARTIDO POLÍTICO UNION POR EL PERU ,2011 
968,2-49-5,2,PARTIDO POLÍTICO PARTIDO NACIONALISTA PERUANO ,2014 
969,2-49-6,1, , 
970,2-50-1,1, , 
971,2-50-2,1, , 
972,2-50-4,1,PARTIDO POLÍTICO PARTIDO APRISTA PERUANO ,2009 
973,2-50-5,1, , 
974,2-51-1,1, , 
975,2-51-2,1, , 
976,2-51-3,1, , 
977,2-51-5,1, , 
978,2-51-6,1, , 
979,2-51-7,1, , 
980,2-52-1,1,PARTIDO POLÍTICO PARTIDO NACIONALISTA PERUANO ,2016 
981,2-52-2,1, , 
982,2-52-3,1, , 
983,2-52-4,1, , 
984,2-52-5,1, , 
985,2-52-7,1, , 
986,2-53-1,1, , 
987,2-53-2,1, , 
988,2-53-3,1, , 
989,2-53-4,1, , 
990,2-55-1,1,PARTIDO POLÍTICO PARTIDO POPULAR CRISTIANO - PPC ,2009 
991,2-55-2,1,PARTIDO POLÍTICO PARTIDO NACIONALISTA PERUANO ,2015 
992,2-55-3,1, , 
993,2-55-4,1, , 
994,2-55-5,1, , 
995,2-56-1,1, , 
996,2-56-2,1, , 
997,2-56-3,1, , 
998,2-56-4,1, , 
999,2-56-5,1, , 
1000,2-57-1,1,MOVIMIENTO REGIONAL O DEPARTAMENTAL ALIANZA DEMOCRATICA NACIONAL ,2019 
1001,2-57-2,1, , 
1002,2-57-3,1, , 
1003,2-58-1,1,MOVIMIENTO REGIONAL O DEPARTAMENTAL MUSUQ ÑAN ,2019 
1004,2-58-3,1, , 
1005,2-59-1,1, , 
1006,2-59-2,1,MOVIMIENTO REGIONAL O DEPARTAMENTAL AVANCEMOS POR LA UNIDAD Y LA GRANDEZA ,2011 
1007,2-59-2,2,MOVIMIENTO REGIONAL O DEPARTAMENTAL MOVIMIENTO REGIONAL DEMOCRACIA Y SOLIDARIDAD ,2011 
1008,2-59-3,1, , 
1009,2-60-1,1,SOMOS PERU ,2019 
1010,2-60-2,1, , 
1011,2-60-3,1, , 
1012,2-61-1,1,PARTIDO POLÍTICO PARTIDO APRISTA PERUANO ,2017 
1013,2-61-2,1,PARTIDO POLÍTICO PERU POSIBLE ,2013 
1014,2-61-4,1, , 
1015,2-62-2,1, , 
1016,2-62-3,1,PARTIDO POLÍTICO PARTIDO NACIONALISTA PERUANO ,2014 
1017,2-62-4,1, , 
1018,2-62-5,1, , 
1019,2-63-1,1, , 
1020,2-63-2,1, , 
1021,2-63-3,1, , 
1022,2-63-5,1,"PARTIDO POLÍTICO EL FRENTE AMPLIO POR JUSTICIA, VIDA Y LIBERTAD ",2018 
1023,2-64-2,1, , 
1024,2-64-3,1,PARTIDO POLÍTICO NUEVA MAYORIA ,2010 
1025,2-65-3,1, , 
1026,2-66-1,1, , 
1027,2-66-2,1,MOVIMIENTO REGIONAL O DEPARTAMENTAL PASCO DIGNIDAD ,2018 
1028,2-66-3,1, , 
1029,2-67-1,1,PARTIDO POLÍTICO PARTIDO NACIONALISTA PERUANO ,2014 
1030,2-67-3,1, , 
1031,2-68-1,1, , 
1032,2-68-2,1, , 
1033,2-68-3,1,PARTIDO POLÍTICO ALIANZA PARA EL PROGRESO ,2013 
1034,2-69-1,1, , 
1035,2-69-2,1, , 
1036,2-69-3,1, , 
1037,2-70-1,1, , 
1038,2-70-2,1, , 
1039,2-70-3,1,MOVIMIENTO REGIONAL O DEPARTAMENTAL ADUANEC ,2012 
1040,2-70-4,1, , 
1041,2-70-7,1, , 
1042,2-72-1,1, , 
1043,2-72-2,1, , 
1044,2-72-3,1,PARTIDO POLÍTICO PARTIDO POPULAR CRISTIANO - PPC ,2017 
1045,2-72-4,1, , 
1046,2-74-1,1, , 
1047,2-74-3,1, , 
1048,2-74-4,1, , 
1049,2-74-5,1, , 
1050,2-74-6,1, , 
1051,2-75-1,1, , 
1052,2-75-2,1, , 
1053,2-75-3,1, , 
1054,2-76-1,1, , 
1055,2-76-3,1,MOVIMIENTO REGIONAL O DEPARTAMENTAL INNOVACION Y DESARROLLO REGIONAL ,2015 
1056,2-76-3,2,ORGANIZACIÓN POLÍTICA LOCAL PROVINCIAL TRANSFORMEMOS SULLANA ,2007 
1057,2-76-4,1, , 
1058,2-76-5,1, , 
1059,2-76-6,1,MOVIMIENTO REGIONAL O DEPARTAMENTAL ALTERNATIVA DE PAZ Y DESARROLLO ,2015 
1060,2-76-7,1, , 
1061,2-77-1,1, , 
1062,2-77-2,1, , 
1063,2-77-3,1, , 
1064,2-78-1,1, , 
1065,2-78-2,1, , 
1066,2-78-3,1,MOVIMIENTO REGIONAL O DEPARTAMENTAL MOVIMIENTO POLITICO REGIONAL PERU LIBRE ,2016 
1067,2-79-1,1, , 
1068,2-79-2,1, , 
1069,2-79-3,1,PARTIDO POLÍTICO UNION POR EL PERU ,2019 
1070,2-79-4,1,PARTIDO POLÍTICO PARTIDO POPULAR CRISTIANO - PPC ,2014 
1071,2-79-5,1, , 
1072,2-80-1,1, , 
1073,2-80-2,1, , 
1074,2-80-3,1, , 
1075,2-80-4,1, , 
1076,2-81-1,1,FUERZA LORETANA ,2006 
1077,2-81-1,2,PERU POSIBLE ,2006 
1078,2-81-4,1, , 
1079,2-82-1,1,MOVIMIENTO REGIONAL O DEPARTAMENTAL MOVIMIENTO REGIONAL PARA EL DESARROLLO CON SEGURIDAD Y HONRADEZ ,2017 
1080,2-82-2,1, , 
1081,2-82-3,1, , 
1082,2-82-4,1, , 
1083,2-82-5,1, , 
1084,2-82-7,1,MOVIMIENTO REGIONAL O DEPARTAMENTAL MOVIMIENTO REGIONAL PARA EL DESARROLLO CON SEGURIDAD Y HONRADEZ ,2018 
1085,2-83-2,1, , 
1086,2-83-3,1,MOVIMIENTO REGIONAL O DEPARTAMENTAL MOVIMIENTO INDEPENDIENTE REGIONAL RIO SANTA CAUDALOSO ,2015 
1087,2-83-4,1, , 
1088,2-84-1,1,PARTIDO POLÍTICO PARTIDO APRISTA PERUANO ,2010 
1089,2-84-2,1, , 
1090,2-84-3,1, , 
1091,2-85-1,1,PARTIDO POLÍTICO ALIANZA PARA EL PROGRESO ,2014 
1092,2-85-2,1,PARTIDO POLÍTICO PARTIDO APRISTA PERUANO ,2017 
1093,2-85-3,1,PARTIDO POLÍTICO PARTIDO APRISTA PERUANO ,2014 
1094,2-85-4,1, , 
1095,2-85-5,1, , 
1096,2-85-6,1,MOVIMIENTO REGIONAL O DEPARTAMENTAL FORTALEZA LIBERTEÑA ,2018 
1097,2-85-7,1, , 
1098,2-86-1,1, , 
1099,2-86-3,1, , 
1100,2-86-4,1, , 
1101,2-86-5,1, , 
1102,2-87-1,1,PARTIDO POLÍTICO ALIANZA PARA EL PROGRESO ,2019 
1103,2-87-2,1, , 
1104,2-87-3,1, , 
1105,2-88-2,1, , 
1106,2-88-3,1, , 
1107,2-89-1,1,PARTIDO POLÍTICO PARTIDO POPULAR CRISTIANO - PPC ,2010 
1108,2-89-1,2,MOVIMIENTO REGIONAL O DEPARTAMENTAL MOVIMIENTO REGIONAL OBRAS POR LA MODERNIDAD ,2019 
1109,2-89-2,1,PARTIDO POLÍTICO PARTIDO POPULAR CRISTIANO - PPC ,2010 
1110,2-89-3,1, , 
1111,2-89-4,1,PARTIDO POLÍTICO PARTIDO APRISTA PERUANO ,2010 
1112,2-90-1,1, , 
1113,2-90-4,1, , 
1114,2-91-1,1, , 
1115,2-91-2,1, , 
1116,2-91-3,1, , 
1117,2-91-4,1, , 
1118,2-91-5,1, , 
1119,2-91-6,1, , 
1120,2-91-7,1, , 
1121,2-91-8,1, , 
1122,2-91-9,1, , 
1123,2-91-10,1,PARTIDO POLÍTICO ACCION POPULAR ,2015 
1124,2-91-11,1, , 
1125,2-91-12,1, , 
1126,2-91-13,1, , 
1127,2-91-14,1, , 
1128,2-91-15,1, , 
1129,2-91-16,1, , 
1130,2-91-17,1,PARTIDO POLÍTICO SOLIDARIDAD NACIONAL ,2017 
1131,2-91-17,2,PARTIDO POLÍTICO PARTIDO DEMOCRATICO SOMOS PERU ,2014 
1132,2-91-18,1, , 
1133,2-91-19,1, , 
1134,2-91-20,1, , 
1135,2-91-21,1, , 
1136,2-91-22,1, , 
1137,2-91-23,1, , 
1138,2-91-24,1, , 
1139,2-91-25,1, , 
1140,2-91-26,1, , 
1141,2-91-27,1, , 
1142,2-91-28,1, , 
1143,2-91-29,1, , 
1144,2-91-30,1, , 
1145,2-91-31,1, , 
1146,2-91-32,1, , 
1147,2-91-33,1, , 
1148,2-91-34,1, , 
1149,2-91-35,1, , 
1150,2-91-36,1, , 
1151,2-92-1,1, , 
1152,2-92-2,1,PARTIDO POLÍTICO PARTIDO APRISTA PERUANO ,2010 
1153,2-92-3,1,PARTIDO POLÍTICO PARTIDO APRISTA PERUANO ,2017 
1154,2-93-1,1, , 
1155,2-93-2,1,MOVIMIENTO REGIONAL O DEPARTAMENTAL JUNIN RENACE ,2019 
1156,2-93-2,2,ALIANZA ELECTORAL FUERZA POPULAR ,2017 
1157,2-93-3,1, , 
1158,2-93-4,1, , 
1159,2-93-5,1,ALIANZA ELECTORAL ALIANZA PARA EL PROGRESO DEL PERU ,2018 
1160,2-94-1,1, , 
1161,2-94-2,1, , 
1162,2-94-4,1, , 
1163,2-95-1,1, , 
1164,2-95-3,1, , 
1165,2-95-4,1, , 
1166,2-96-1,1,MOVIMIENTO REGIONAL O DEPARTAMENTAL ENERGIA COMUNAL AMAZONICA ,2017 
1167,2-96-2,1, , 
1168,2-96-3,1, , 
1169,2-97-2,1, , 
1170,2-97-3,1, , 
1171,2-97-4,1, , 
1172,2-98-2,1,MOVIMIENTO REGIONAL O DEPARTAMENTAL QATUN TARPUY ,2019 
1173,2-98-3,1,ORGANIZACIÓN POLÍTICA LOCAL DISTRITAL MIVA - CARMEN ALTO ,2011 
1174,2-99-2,1,PARTIDO POLÍTICO PERU POSIBLE ,2002 
1175,2-99-3,1, , 
1176,2-99-5,1, , 
1177,2-99-6,1,PARTIDO POLÍTICO PARTIDO POPULAR CRISTIANO - PPC ,2014 
1178,2-100-1,1, , 
1179,2-100-2,1, , 
1180,2-100-3,1, , 
1181,2-100-4,1, , 
1182,2-101-1,1, , 
1183,2-101-2,1, , 
1184,2-101-3,1, , 
1185,2-102-1,1, , 
1186,2-102-2,1, , 
1187,2-102-3,1, , 
1188,2-102-4,1,PARTIDO POLÍTICO PARTIDO NACIONALISTA PERUANO ,2017 
1189,2-104-1,1, , 
1190,2-104-2,1,PARTIDO POLÍTICO PARTIDO NACIONALISTA PERUANO ,2015 
1191,2-104-3,1, , 
1192,2-104-4,1, , 
1193,2-104-5,1, , 
1194,2-105-1,1, , 
1195,2-105-2,1, , 
1196,2-105-3,1, , 
1197,2-106-2,1,MOVIMIENTO REGIONAL O DEPARTAMENTAL FRENTE INDEPENDIENTE REGIONAL ,1995 
1198,2-106-2,2,PARTIDO POLÍTICO PERU POSIBLE ,2005 
1199,2-106-3,1, , 
1200,2-107-2,1,PARTIDO POLÍTICO PARTIDO APRISTA PERUANO ,2017 
1201,2-108-1,1,MOVIMIENTO REGIONAL O DEPARTAMENTAL UDC CALLAO ,2015 
1202,2-108-1,2,MOVIMIENTO REGIONAL O DEPARTAMENTAL ADUANEC ,2012 
1203,2-108-2,1,PARTIDO POLÍTICO PARTIDO APRISTA PERUANO ,2009 
1204,2-108-3,1,MOVIMIENTO REGIONAL O DEPARTAMENTAL MI CALLAO ,2013 
1205,2-108-4,1,PARTIDO POLÍTICO ACCION POPULAR ,2006 
1206,2-108-4,2,PARTIDO POLÍTICO PERU PATRIA SEGURA ,2012 
1207,2-109-1,1, , 
1208,2-109-2,1, , 
1209,2-109-3,1, , 
1210,2-110-1,1, , 
1211,2-110-2,1,PARTIDO POLÍTICO PARTIDO POPULAR CRISTIANO - PPC ,2019 
1212,2-110-3,1,PARTIDO POLÍTICO PARTIDO POPULAR CRISTIANO - PPC ,2018 
1213,2-111-1,1,PARTIDO POLÍTICO FUERZA POPULAR ,2017 
1214,2-111-2,1,PARTIDO POLÍTICO FUERZA POPULAR ,2017 
1215,2-111-3,1, , 
1216,2-111-4,1, , 
1217,2-112-1,1, , 
1218,2-112-2,1, , 
1219,2-112-3,1,PARTIDO POLÍTICO PARTIDO APRISTA PERUANO ,2014 
1220,2-112-4,1, , 
1221,2-112-6,1, , 
1222,2-113-1,1, , 
1223,2-113-2,1, , 
1224,2-113-3,1, , 
1225,2-114-1,1, , 
1226,2-114-2,1,ORGANIZACIÓN POLÍTICA LOCAL PROVINCIAL FRENTE INDEPENDIENTE CAMPESINO FREINCA ,2010 
1227,2-114-3,1,PARTIDO POLÍTICO TODOS POR EL PERU ,2019 
1228,2-114-4,1, , 
1229,2-114-5,1, , 
1230,2-114-6,1,PARTIDO POLÍTICO PARTIDO NACIONALISTA PERUANO ,2015 
1231,2-115-2,1,PARTIDO POLÍTICO PARTIDO DESCENTRALISTA FUERZA SOCIAL ,2012 
1232,2-115-3,1,PARTIDO POLÍTICO TODOS POR EL PERU ,2012 
1233,2-115-3,2,PARTIDO POLÍTICO PARTIDO RENACIMIENTO ANDINO ,2007 
1234,2-115-4,1, , 
1235,2-115-5,1, , 
1236,2-115-6,1, , 
1237,2-115-7,1, , 
1238,2-115-8,1,PARTIDO POLÍTICO TODOS POR EL PERU ,2019 
1239,2-115-9,1,PARTIDO POLÍTICO ALIANZA PARA EL PROGRESO ,2018 
1240,2-115-9,2,PARTIDO POLÍTICO PARTIDO DEMOCRATICO SOMOS PERU ,2015 
1241,2-115-10,1, , 
1242,2-115-11,1,PARTIDO POLÍTICO PARTIDO NACIONALISTA PERUANO ,2016 
1243,2-115-12,1, , 
1244,2-115-13,1, , 
1245,2-115-14,1, , 
1246,2-115-15,1,PARTIDO POLÍTICO UNION POR EL PERU ,2010 
1247,2-115-16,1, , 
1248,2-115-17,1,PARTIDO POLÍTICO JUNTOS POR EL PERU ,2019 
1249,2-115-18,1, , 
1250,2-115-19,1,PARTIDO POLÍTICO PARTIDO POPULAR CRISTIANO - PPC ,2019 
1251,2-115-21,1,PARTIDO POLÍTICO PARTIDO NACIONALISTA PERUANO ,2015 
1252,2-115-22,1, , 
1253,2-115-23,1, , 
1254,2-115-24,1, , 
1255,2-115-25,1,PARTIDO POLÍTICO PARTIDO NACIONALISTA PERUANO ,2015 
1256,2-115-26,1, , 
1257,2-115-27,1, , 
1258,2-115-28,1, , 
1259,2-115-30,1,PARTIDO POLÍTICO ALIANZA PARA EL PROGRESO ,2017 
1260,2-115-32,1, , 
1261,2-115-35,1,PARTIDO POLÍTICO PARTIDO NACIONALISTA PERUANO ,2015 
1262,2-115-36,1, , 
1263,2-116-1,1, , 
1264,2-116-2,1,ALIANZA ELECTORAL TODOS SOMOS AMAZONAS ,2018 
1265,2-116-3,1, , 
1266,2-117-1,1,ALIANZA ELECTORAL MAR CALLAO ,2014 
1267,2-117-2,1, , 
1268,2-117-3,1, , 
1269,2-118-3,1, , 
1270,2-119-3,1, , 
1271,2-120-1,1,PARTIDO POLÍTICO PARTIDO APRISTA PERUANO ,2017 
1272,2-120-2,1, , 
1273,2-120-3,1, , 
1274,2-120-4,1, , 
1275,2-120-5,1, , 
1276,2-120-6,1, , 
1277,2-121-1,1, , 
1278,2-121-2,1, , 
1279,2-122-1,1,PARTIDO POLÍTICO VAMOS PERU ,2015 
1280,2-122-1,2,PARTIDO POLÍTICO PARTIDO DEMOCRATICO SOMOS PERU ,2008 
1281,2-122-2,1,PARTIDO POLÍTICO UNION POR EL PERU ,2019 
1282,2-122-3,1, , 
1283,2-123-1,1, , 
1284,2-123-2,1, , 
1285,2-123-3,1, , 
1286,2-123-4,1, , 
1287,2-124-2,1, , 
1288,2-125-1,1,MOVIMIENTO REGIONAL O DEPARTAMENTAL POR TI CALLAO ,2019 
1289,2-125-2,1,PARTIDO POLÍTICO PARTIDO JUSTICIA NACIONAL ,2006 
1290,2-125-2,2,MOVIMIENTO REGIONAL O DEPARTAMENTAL UDC CALLAO ,2019 
1291,2-125-3,1, , 
1292,2-126-2,1,ALIANZA ELECTORAL ALIANZA PARA EL PROGRESO DEL PERU ,2011 
1293,2-126-3,1, , 
1294,2-126-5,1, , 
1295,2-126-6,1, , 
1296,2-127-2,1, , 
1297,2-127-3,1,PARTIDO POLÍTICO PARTIDO NACIONALISTA PERUANO ,2009 
1298,2-128-1,1, , 
1299,2-128-2,1, , 
1300,2-128-3,1, , 
1301,2-129-1,1,PARTIDO POLÍTICO PARTIDO APRISTA PERUANO ,2015 
1302,2-129-2,1, , 
1303,2-129-3,1,ALIANZA ELECTORAL MOVIMIENTO DE AFIRMACION SOCIAL ,2014 
1304,2-129-5,1, , 
1305,2-129-6,1, , 
1306,2-130-1,1,PARTIDO POLÍTICO UNION POR EL PERU ,2014 
1307,2-130-2,1,MOVIMIENTO REGIONAL O DEPARTAMENTAL MOVIMIENTO DE AFIRMACION SOCIAL ,2018 
1308,2-130-2,2,PARTIDO POLÍTICO ALIANZA PARA EL PROGRESO ,2017 
1309,2-130-3,1, , 
1310,2-130-4,1,PARTIDO POLÍTICO PARTIDO APRISTA PERUANO ,2008 
1311,2-130-5,1, , 
1312,2-130-6,1, , 
1313,2-131-2,1, , 
1314,2-131-3,1, , 
1315,2-131-4,1, , 
1316,2-131-5,1,PARTIDO POLÍTICO PERU POSIBLE ,2017 
1317,2-131-6,1, , 
1318,2-132-1,1, , 
1319,2-132-2,1, , 
1320,2-133-3,1, , 
1321,2-133-4,1, , 
1322,2-134-1,1, , 
1323,2-135-1,1,MOVIMIENTO REGIONAL O DEPARTAMENTAL MOVIMIENTO INDEPENDIENTE REGIONAL CAMBIO UCAYALINO ,2017 
1324,2-135-1,2,PARTIDO POLÍTICO PARTIDO POLÍTICO CONTIGO ,2013 
1325,2-135-2,1, , 
1326,2-135-3,1, , 
1327,2-136-1,1, , 
1328,2-136-2,1, , 
1329,2-136-3,1, , 
1330,2-136-4,1,PARTIDO POLÍTICO PARTIDO APRISTA PERUANO ,2015 
1331,2-136-5,1, , 
1332,2-136-7,1, , 
1333,2-137-1,1, , 
1334,2-137-3,1, , 
1335,2-138-1,1, , 
1336,2-138-2,1, , 
1337,2-138-3,1, , 
1338,2-139-1,1, , 
1339,2-139-2,1, , 
1340,2-139-4,1, , 
1341,2-140-1,1,PARTIDO POLÍTICO PARTIDO DEMOCRATICO SOMOS PERU ,2010 
1342,2-140-2,1,PARTIDO POLÍTICO FUERZA POPULAR ,2010 
1343,2-140-3,1, , 
1344,2-140-4,1, , 
1345,2-141-1,1,PARTIDO POLÍTICO PARTIDO APRISTA PERUANO ,2010 
1346,2-141-3,1, , 
1347,2-141-4,1,PARTIDO POLÍTICO ALIANZA PARA EL PROGRESO ,2007 
1348,2-142-1,1,MOVIMIENTO REGIONAL O DEPARTAMENTAL CCALAMAQUI ,2009 
1349,2-142-1,2,MOVIMIENTO REGIONAL O DEPARTAMENTAL QATUN TARPUY ,2014 
1350,2-142-2,1, , 
1351,2-142-3,1, , 
1352,2-143-1,1,MOVIMIENTO REGIONAL O DEPARTAMENTAL MOVIMIENTO POPULAR KALLPA ,2014 
1353,2-143-3,1, , 
1354,2-145-1,1, , 
1355,2-145-2,1, , 
1356,2-145-3,1, , 
1357,2-145-4,1, , 
1358,2-145-5,1, , 
1359,2-145-6,1, , 
1360,2-146-1,1,PARTIDO POLÍTICO PARTIDO NACIONALISTA PERUANO ,2017 
1361,2-146-2,1, , 
1362,2-146-3,1, , 
1363,2-146-4,1,PARTIDO POLÍTICO PARTIDO APRISTA PERUANO ,2009 
1364,2-146-5,1, , 
1365,2-147-1,1, , 
1366,2-147-2,1, , 
1367,2-147-3,1, , 
1368,2-148-2,1, , 
1369,2-148-5,1, , 
1370,2-149-1,1, , 
1371,2-149-2,1, , 
1372,2-149-3,1, , 
1373,2-149-4,1, , 
1374,2-149-5,1, , 
1375,2-149-6,1, , 
1376,2-150-1,1, , 
1377,2-150-2,1, , 
1378,2-150-3,1,PARTIDO POLÍTICO PARTIDO POPULAR CRISTIANO - PPC ,2015 
1379,2-150-4,1, , 
1380,2-150-5,1, , 
1381,3-1-1,1,PARTIDO POLÍTICO PARTIDO APRISTA PERUANO ,2006 
1382,3-1-1,2,PARTIDO POLÍTICO PARTIDO POPULAR CRISTIANO - PPC ,2006 
1383,3-1-2,1, , 
1384,3-1-3,1, , 
1385,3-1-5,1, , 
1386,3-2-1,1,PARTIDO POLÍTICO PARTIDO NACIONALISTA PERUANO ,2017 
1387,3-2-2,1,PARTIDO POLÍTICO PARTIDO APRISTA PERUANO ,2014 
1388,3-2-3,1, , 
1389,3-2-4,1, , 
1390,3-2-5,1, , 
1391,3-3-4,1, , 
1392,3-4-1,1, , 
1393,3-4-3,1, , 
1394,3-4-5,1, , 
1395,3-5-1,1, , 
1396,3-5-2,1, , 
1397,3-5-3,1, , 
1398,3-5-4,1, , 
1399,3-6-2,1,PARTIDO POLÍTICO PARTIDO DEMOCRATICO SOMOS PERU ,2019 
1400,3-6-3,1,PARTIDO POLÍTICO PARTIDO APRISTA PERUANO ,2004 
1401,3-6-4,1, , 
1402,3-6-5,1, , 
1403,3-7-1,1, , 
1404,3-7-2,1, , 
1405,3-7-3,1, , 
1406,3-8-3,1, , 
1407,3-9-1,1, , 
1408,3-9-2,1, , 
1409,3-9-3,1, , 
1410,3-9-4,1, , 
1411,3-9-5,1, , 
1412,3-9-6,1, , 
1413,3-10-1,1,PARTIDO POLÍTICO AVANZA PAIS - PARTIDO DE INTEGRACION SOCIAL ,2019 
1414,3-10-2,1, , 
1415,3-10-3,1, , 
1416,3-10-4,1, , 
1417,3-11-1,1, , 
1418,3-11-2,1, , 
1419,3-11-3,1, , 
1420,3-11-4,1, , 
1421,3-11-5,1, , 
1422,3-11-6,1, , 
1423,3-11-7,1,PARTIDO POLÍTICO FUERZA DEMOCRATICA ,2007 
1424,3-11-8,1, , 
1425,3-11-9,1, , 
1426,3-11-11,1, , 
1427,3-11-12,1, , 
1428,3-11-13,1,PARTIDO POLÍTICO AVANZA PAIS - PARTIDO DE INTEGRACION SOCIAL ,2005 
1429,3-11-14,1, , 
1430,3-11-15,1, , 
1431,3-11-16,1, , 
1432,3-11-17,1, , 
1433,3-11-18,1,"PARTIDO POLÍTICO EL FRENTE AMPLIO POR JUSTICIA, VIDA Y LIBERTAD ",2014 
1434,3-11-19,1,PARTIDO POLÍTICO PERU POSIBLE ,2007 
1435,3-11-20,1, , 
1436,3-11-21,1,PARTIDO POLÍTICO PARTIDO NACIONALISTA PERUANO ,2015 
1437,3-11-21,2,PARTIDO POLÍTICO ACCION POPULAR ,2011 
1438,3-11-22,1, , 
1439,3-11-23,1, , 
1440,3-11-24,1, , 
1441,3-11-26,1, , 
1442,3-11-27,1, , 
1443,3-11-28,1, , 
1444,3-11-29,1, , 
1445,3-11-30,1, , 
1446,3-11-31,1, , 
1447,3-11-32,1, , 
1448,3-11-33,1, , 
1449,3-11-34,1, , 
1450,3-11-35,1,PARTIDO POLÍTICO PARTIDO APRISTA PERUANO ,2019 
1451,3-11-36,1, , 
1452,3-12-1,1, , 
1453,3-12-2,1, , 
1454,3-12-3,1, , 
1455,3-13-2,1, , 
1456,3-13-3,1,PARTIDO POLÍTICO PARTIDO NACIONALISTA PERUANO ,2016 
1457,3-13-4,1, , 
1458,3-13-5,1, , 
1459,3-14-1,1,PARTIDO APRISTA PERUANO ,2009 
1460,3-14-2,1, , 
1461,3-14-3,1, , 
1462,3-15-1,1, , 
1463,3-15-2,1, , 
1464,3-15-3,1, , 
1465,3-15-4,1,PARTIDO POLÍTICO PERU POSIBLE ,2012 
1466,3-15-5,1, , 
1467,3-16-3,1, , 
1468,3-16-4,1,MOVIMIENTO REGIONAL O DEPARTAMENTAL MOVIMIENTO REGIONAL SEGURIDAD Y PROSPERIDAD ,2019 
1469,3-16-5,1, , 
1470,3-16-6,1, , 
1471,3-17-2,1, , 
1472,3-17-3,1, , 
1473,3-18-1,1, , 
1474,3-18-2,1, , 
1475,3-18-3,1, , 
1476,3-18-4,1, , 
1477,3-18-5,1,PARTIDO POLÍTICO PARTIDO NACIONALISTA PERUANO ,2019 
1478,3-18-6,1, , 
1479,3-18-7,1, , 
1480,3-19-1,1, , 
1481,3-19-2,1, , 
1482,3-19-3,1, , 
1483,3-19-4,1, , 
1484,3-20-1,1, , 
1485,3-20-2,1, , 
1486,3-20-3,1, , 
1487,3-20-4,1, , 
1488,3-20-5,1, , 
1489,3-21-1,1, , 
1490,3-21-2,1, , 
1491,3-21-3,1, , 
1492,3-22-1,1, , 
1493,3-22-2,1, , 
1494,3-22-3,1, , 
1495,3-23-1,1,FRENTE DESCENTRALISTA DE PUEBLOS ANDINOS ,2010 
1496,3-23-3,1, , 
1497,3-24-1,1, , 
1498,3-24-3,1, , 
1499,3-24-5,1, , 
1500,3-25-1,1, , 
1501,3-25-2,1, , 
1502,3-25-3,1, , 
1503,3-25-4,1, , 
1504,3-25-5,1, , 
1505,3-25-6,1, , 
1506,3-25-7,1,PARTIDO POLÍTICO ACCION POPULAR ,2010 
1507,3-26-1,1, , 
1508,3-26-2,1, , 
1509,3-26-3,1, , 
1510,3-26-4,1, , 
1511,3-27-1,1, , 
1512,3-27-2,1, , 
1513,3-27-3,1, , 
1514,3-28-1,1, , 
1515,3-28-2,1, , 
1516,3-28-3,1, , 
1517,3-28-4,1, , 
1518,3-29-1,1,MOVIMIENTO REGIONAL O DEPARTAMENTAL FUERZA POR MADRE DE DIOS ,2019 
1519,3-29-1,2,MOVIMIENTO REGIONAL O DEPARTAMENTAL BLOQUE POPULAR MADRE DE DIOS ,2013 
1520,3-29-2,1,PARTIDO POLÍTICO TODOS POR EL PERU ,2017 
1521,3-29-3,1,PARTIDO POLÍTICO TODOS POR EL PERU ,2016 
1522,3-30-1,1,PARTIDO POLÍTICO FUERZA DEMOCRATICA ,2007 
1523,3-30-1,2,PARTIDO POLÍTICO PARTIDO NACIONALISTA PERUANO ,2010 
1524,3-30-1,3,PARTIDO POLÍTICO PARTIDO NACIONALISTA PERUANO ,2010 
1525,3-30-2,1,PARTIDO POLÍTICO PERU POSIBLE ,2016 
1526,3-30-2,2,PARTIDO POLÍTICO DESPERTAR NACIONAL ,2007 
1527,3-30-3,1,PARTIDO POLÍTICO RENOVACION NACIONAL ,2010 
1528,3-30-4,1, , 
1529,3-30-5,1, , 
1530,3-30-6,1,PARTIDO POLÍTICO PERU PATRIA SEGURA ,2014 
1531,3-30-7,1, , 
1532,3-30-8,1, , 
1533,3-30-9,1,PARTIDO POLÍTICO PARTIDO POPULAR CRISTIANO - PPC ,2017 
1534,3-30-10,1,MOVIMIENTO REGIONAL O DEPARTAMENTAL FUERZA CHALACA ,2019 
1535,3-30-10,2,PARTIDO POLÍTICO CAMBIO RADICAL ,2011 
1536,3-30-11,1,PARTIDO POLÍTICO CAMBIO RADICAL ,2010 
1537,3-30-11,2,PARTIDO POLÍTICO PARTIDO DEMOCRATICO SOMOS PERU ,2017 
1538,3-30-12,1, , 
1539,3-30-13,1, , 
1540,3-30-14,1, , 
1541,3-30-15,1, , 
1542,3-30-16,1,PARTIDO POLÍTICO PARTIDO APRISTA PERUANO ,2019 
1543,3-30-18,1, , 
1544,3-30-19,1, , 
1545,3-30-20,1, , 
1546,3-30-21,1,PARTIDO POLÍTICO VAMOS PERU ,2015 
1547,3-30-22,1,MOVIMIENTO REGIONAL O DEPARTAMENTAL RENACIMIENTO UNIDO NACIONAL ,2018 
1548,3-30-22,2,PARTIDO POLÍTICO PERU PATRIA SEGURA ,2015 
1549,3-30-23,1,PARTIDO POLÍTICO PARTIDO POPULAR CRISTIANO - PPC ,2018 
1550,3-30-24,1,PARTIDO POLÍTICO PERU POSIBLE ,2015 
1551,3-30-25,1, , 
1552,3-30-26,1, , 
1553,3-30-27,1,PARTIDO POLITICO ALIANZA PARA EL PROGRESO ,2017 
1554,3-30-27,2,PARTIDO POLÍTICO SOLIDARIDAD NACIONAL ,2017 
1555,3-30-28,1,PARTIDO POLÍTICO PERU PATRIA SEGURA ,2017 
1556,3-30-29,1,PARTIDO POLÍTICO ACCION POPULAR ,2019 
1557,3-30-30,1, , 
1558,3-30-31,1, , 
1559,3-30-33,1, , 
1560,3-30-34,1,PARTIDO POLÍTICO PERU POSIBLE ,2017 
1561,3-30-35,1, , 
1562,3-30-36,1, , 
1563,3-31-1,1, , 
1564,3-31-2,1, , 
1565,3-31-3,1, , 
1566,3-32-1,1,PARTIDO POLÍTICO JUNTOS POR EL PERU ,2017 
1567,3-32-2,1,PARTIDO POLÍTICO PARTIDO APRISTA PERUANO ,2009 
1568,3-32-3,1, , 
1569,3-32-4,1, , 
1570,3-33-1,1, , 
1571,3-33-3,1, , 
1572,3-34-1,1, , 
1573,3-34-2,1, , 
1574,3-34-3,1,PARTIDO POLÍTICO ALIANZA PARA EL PROGRESO ,2013 
1575,3-35-1,1, , 
1576,3-35-2,1, , 
1577,3-35-3,1,PARTIDO POLÍTICO ACCION POPULAR ,2019 
1578,3-36-1,1, , 
1579,3-37-1,1,MOVIMIENTO REGIONAL O DEPARTAMENTAL PATRIA ARRIBA PERU ADELANTE ,2015 
1580,3-37-2,1,MOVIMIENTO REGIONAL O DEPARTAMENTAL MOVIMIENTO DEMOCRATICO JUNTOS POR EL PROGRESO ,2011 
1581,3-37-3,1, , 
1582,3-37-5,1, , 
1583,3-38-1,1, , 
1584,3-38-2,1, , 
1585,3-38-3,1, , 
1586,3-38-4,1, , 
1587,3-38-5,1, , 
1588,3-39-1,1,PARTIDO POLÍTICO ALIANZA PARA EL PROGRESO ,2017 
1589,3-39-2,1, , 
1590,3-39-3,1,PARTIDO POLÍTICO ALIANZA PARA EL PROGRESO ,2019 
1591,3-39-3,2,PARTIDO POLÍTICO FUERZA DEMOCRATICA ,2007 
1592,3-39-4,1, , 
1593,3-39-5,1, , 
1594,3-39-6,1, , 
1595,3-39-7,1, , 
1596,3-40-1,1, , 
1597,3-40-2,1, , 
1598,3-40-3,1, , 
1599,3-41-1,1, , 
1600,3-41-2,1, , 
1601,3-41-3,1, , 
1602,3-41-5,1, , 
1603,3-42-1,1,PARTIDO POLÍTICO PERU POSIBLE ,2014 
1604,3-42-2,1,PARTIDO POLÍTICO CAMBIO RADICAL ,2011 
1605,3-42-2,2,PARTIDO POLÍTICO PARTIDO POPULAR CRISTIANO - PPC ,2010 
1606,3-42-3,1,PARTIDO POLÍTICO PERU POSIBLE ,2013 
1607,3-42-4,1,PARTIDO POLÍTICO RESTAURACION NACIONAL ,2012 
1608,3-42-5,1, , 
1609,3-42-6,1, , 
1610,3-42-8,1, , 
1611,3-42-9,1,PARTIDO POLÍTICO PARTIDO POPULAR CRISTIANO - PPC ,2008 
1612,3-42-9,2,PARTIDO POLITICO ADELANTE ,2012 
1613,3-42-10,1, , 
1614,3-42-11,1,PARTIDO POLÍTICO PARTIDO POPULAR CRISTIANO - PPC ,2019 
1615,3-42-12,1,PARTIDO POLÍTICO PERU PATRIA SEGURA ,2015 
1616,3-42-13,1,PARTIDO POLÍTICO PARTIDO POPULAR CRISTIANO - PPC ,2013 
1617,3-42-14,1, , 
1618,3-42-15,1, , 
1619,3-42-16,1, , 
1620,3-42-17,1, , 
1621,3-42-18,1,PARTIDO POLÍTICO PERU POSIBLE ,2015 
1622,3-42-19,1, , 
1623,3-42-20,1, , 
1624,3-42-21,1, , 
1625,3-42-22,1,PARTIDO POLÍTICO PARTIDO APRISTA PERUANO ,2019 
1626,3-42-23,1, , 
1627,3-42-24,1, , 
1628,3-42-25,1,PARTIDO POLÍTICO PERU NACION ,2019 
1629,3-42-26,1, , 
1630,3-42-27,1, , 
1631,3-42-28,1,PARTIDO POLÍTICO TODOS POR EL PERU ,2019 
1632,3-42-29,1, , 
1633,3-42-31,1, , 
1634,3-42-32,1, , 
1635,3-42-34,1, , 
1636,3-42-35,1,PARTIDO POLÍTICO PARTIDO NACIONALISTA PERUANO ,2019 
1637,3-42-36,1,PARTIDO POLÍTICO SOLIDARIDAD NACIONAL ,2018 
1638,3-42-36,2,PARTIDO POLÍTICO ALIANZA PARA EL PROGRESO ,2015 
1639,3-43-1,1,PARTIDO POLÍTICO TODOS POR EL PERU ,2017 
1640,3-43-2,1, , 
1641,3-43-3,1, , 
1642,3-43-5,1, , 
1643,3-44-1,1, , 
1644,3-44-2,1, , 
1645,3-44-3,1, , 
1646,3-45-1,1,MOVIMIENTO REGIONAL O DEPARTAMENTAL CONCERTACION PARA EL DESARROLLO REGIONAL - LIMA ,2012 
1647,3-45-1,2,PARTIDO POLITICO SIEMPRE UNIDOS ,2010 
1648,3-45-2,1, , 
1649,3-45-3,1,PARTIDO POLÍTICO RESTAURACION NACIONAL ,2019 
1650,3-45-3,2,PARTIDO POLÍTICO JUNTOS POR EL PERU ,2012 
1651,3-45-4,1, , 
1652,3-46-1,1, , 
1653,3-46-2,1, , 
1654,3-46-3,1,PARTIDO POLÍTICO PARTIDO DEMOCRATICO SOMOS PERU ,2019 
1655,3-46-3,2,PARTIDO POLÍTICO PARTIDO APRISTA PERUANO ,2010 
1656,3-47-1,1, , 
1657,3-47-2,1, , 
1658,3-47-3,1, , 
1659,3-47-4,1, , 
1660,3-47-11,1, , 
1661,3-47-12,1,PARTIDO POLÍTICO PARTIDO APRISTA PERUANO ,2016 
1662,3-47-12,2,PARTIDO POLÍTICO TODOS POR EL PERU ,2019 
1663,3-47-15,1, , 
1664,3-47-16,1, , 
1665,3-47-17,1, , 
1666,3-47-18,1, , 
1667,3-47-20,1, , 
1668,3-47-21,1, , 
1669,3-47-23,1,PARTIDO POLÍTICO PARTIDO APRISTA PERUANO ,2013 
1670,3-47-24,1, , 
1671,3-47-27,1,PARTIDO POLÍTICO ALIANZA PARA EL PROGRESO ,2012 
1672,3-47-28,1, , 
1673,3-47-30,1, , 
1674,3-47-33,1, , 
1675,3-47-34,1, , 
1676,3-47-36,1, , 
1677,3-48-1,1, , 
1678,3-48-2,1, , 
1679,3-48-3,1,PARTIDO POLÍTICO PERU POSIBLE ,2017 
1680,3-49-2,1, , 
1681,3-49-3,1,PPC ,2016 
1682,3-49-4,1, , 
1683,3-50-1,1,SOMOS PERU ,2006 
1684,3-50-2,1, , 
1685,3-50-3,1, , 
1686,3-51-1,1, , 
1687,3-51-3,1, , 
1688,3-52-1,1, , 
1689,3-52-2,1,PARTIDO POLÍTICO VAMOS PERU ,2019 
1690,3-52-3,1, , 
1691,3-53-1,1, , 
1692,3-53-2,1, , 
1693,3-53-3,1, , 
1694,3-53-4,1, , 
1695,3-53-5,1, , 
1696,3-53-6,1, , 
1697,3-54-1,1, , 
1698,3-54-2,1, , 
1699,3-54-3,1, , 
1700,3-54-4,1, , 
1701,3-54-5,1, , 
1702,3-55-1,1,MOVIMIENTO REGIONAL O DEPARTAMENTAL MOVIMIENTO INDEPENDIENTE CHIMPUM CALLAO ,2014 
1703,3-55-2,1,MOVIMIENTO REGIONAL O DEPARTAMENTAL MOVIMIENTO INDEPENDIENTE CHIMPUM CALLAO ,2011 
1704,3-55-2,2,PARTIDO POLÍTICO PARTIDO POPULAR CRISTIANO - PPC ,2010 
1705,3-55-3,1,MOVIMIENTO REGIONAL O DEPARTAMENTAL MOVIMIENTO INDEPENDIENTE CHIMPUM CALLAO ,2011 
1706,3-56-1,1,MOVIMIENTO REGIONAL O DEPARTAMENTAL MOVIMIENTO INDEPENDIENTE REGIONAL RIO SANTA CAUDALOSO ,2016 
1707,3-56-1,2,PARTIDO POLÍTICO ACCION POPULAR ,2013 
1708,3-56-2,1,MOVIMIENTO REGIONAL ANCASH A LA OBRA ,2019 
1709,3-56-3,1,PARTIDO POLÍTICO PARTIDO NACIONALISTA PERUANO ,2017 
1710,3-56-4,1,PARTIDO POLÍTICO PARTIDO NACIONALISTA PERUANO ,2018 
1711,3-56-5,1, , 
1712,3-57-1,1,PARTIDO POLÍTICO PARTIDO APRISTA PERUANO ,2010 
1713,3-57-2,1, , 
1714,3-57-3,1,PARTIDO APRISTA PERUANO ,2014 
1715,3-58-2,1, , 
1716,3-58-3,1, , 
1717,3-59-1,1, , 
1718,3-59-2,1,ALIANZA ELECTORAL ALIANZA PARA EL PROGRESO DE AYACUCHO ,2018 
1719,3-60-1,1, , 
1720,3-60-2,1,PARTIDO POLÍTICO ACCION POPULAR ,2019 
1721,3-61-1,1,MOVIMIENTO REGIONAL O DEPARTAMENTAL NUEVO CALLAO ,2011 
1722,3-61-1,2,MOVIMIENTO REGIONAL O DEPARTAMENTAL POR TI CALLAO ,2019 
1723,3-61-2,1, , 
1724,3-61-3,1, , 
1725,3-61-4,1, , 
1726,3-62-1,1,PARTIDO POLÍTICO PARTIDO APRISTA PERUANO ,2013 
1727,3-62-2,1, , 
1728,3-62-3,1, , 
1729,3-62-4,1, , 
1730,3-62-5,1, , 
1731,3-62-6,1, , 
1732,3-63-1,1, , 
1733,3-63-2,1, , 
1734,3-63-3,1, , 
1735,3-64-1,1, , 
1736,3-64-2,1, , 
1737,3-64-4,1,PARTIDO POLÍTICO PERU POSIBLE ,2006 
1738,3-64-5,1, , 
1739,3-65-1,1, , 
1740,3-65-2,1, , 
1741,3-65-3,1, , 
1742,3-66-3,1, , 
1743,3-67-1,1, , 
1744,3-67-2,1, , 
1745,3-67-3,1,MOVIMIENTO REGIONAL O DEPARTAMENTAL AREQUIPA AVANCEMOS ,2019 
1746,3-67-5,1,PARTIDO POLÍTICO RESTAURACION NACIONAL ,2019 
1747,3-67-6,1,PARTIDO POLÍTICO PARTIDO POLÍTICO CONTIGO ,2019 
1748,3-68-1,1,MOVIMIENTO REGIONAL O DEPARTAMENTAL MOVIMIENTO INDEPENDIENTE INNOVACION REGIONAL ,2019 
1749,3-68-2,1, , 
1750,3-68-3,1,MOVIMIENTO REGIONAL O DEPARTAMENTAL ALIANZA RENACE AYACUCHO ,2019 
1751,3-69-1,1, , 
1752,3-70-1,1, , 
1753,3-70-2,1, , 
1754,3-70-3,1,PARTIDO POLÍTICO RESTAURACION NACIONAL ,2013 
1755,3-70-4,1, , 
1756,3-70-5,1,PARTIDO POLÍTICO PARTIDO NACIONALISTA PERUANO ,2015 
1757,3-70-6,1,PARTIDO POLÍTICO PARTIDO NACIONALISTA PERUANO ,2015 
1758,3-71-1,1, , 
1759,3-71-2,1, , 
1760,3-72-1,1, , 
1761,3-72-2,1, , 
1762,3-72-3,1,PARTIDO POLÍTICO PARTIDO POPULAR CRISTIANO - PPC ,2013 
1763,3-72-3,2,MOVIMIENTO REGIONAL O DEPARTAMENTAL UNION DEMOCRATICA DEL NORTE ,2015 
1764,3-72-4,1, , 
1765,3-72-5,1, , 
1766,3-73-1,1,PARTIDO POLÍTICO TODOS POR EL PERU ,2019 
1767,3-73-1,2,PARTIDO POLÍTICO PARTIDO NACIONALISTA PERUANO ,2017 
1768,3-73-2,1,PARTIDO POLÍTICO FRENTE POPULAR AGRICOLA FIA DEL PERU ,2018 
1769,3-73-3,1, , 
1770,3-73-4,1, , 
1771,3-73-5,1, , 
1772,3-74-2,1, , 
1773,3-74-3,1, , 
1774,3-75-1,1,PARTIDO POLÍTICO PARTIDO APRISTA PERUANO ,2010 
1775,3-75-3,1, , 
1776,3-76-1,1, , 
1777,3-76-2,1, , 
1778,3-76-3,1, , 
1779,3-76-4,1, , 
1780,3-76-5,1, , 
1781,3-76-6,1, , 
1782,3-76-7,1, , 
1783,3-77-3,1, , 
1784,3-78-1,1, , 
1785,3-78-2,1, , 
1786,3-78-3,1, , 
1787,3-78-4,1,FUERZA NACIONAL ,2010 
1788,3-78-5,1,PARTIDO POLÍTICO SOLIDARIDAD NACIONAL ,2019 
1789,3-78-5,2,PARTIDO POLÍTICO ACCION POPULAR ,2014 
1790,3-79-1,1, , 
1791,3-79-2,1,SOMOS PERU ,2009 
1792,3-79-3,1, , 
1793,3-80-1,1, , 
1794,3-80-2,1, , 
1795,3-80-3,1, , 
1796,3-80-5,1, , 
1797,3-81-2,1, , 
1798,3-82-1,1, , 
1799,3-82-2,1, , 
1800,3-82-3,1, , 
1801,3-83-1,1,PARTIDO POLÍTICO PARTIDO APRISTA PERUANO ,2010 
1802,3-83-3,1, , 
1803,3-84-1,1, , 
1804,3-84-2,1, , 
1805,3-84-3,1, , 
1806,3-84-4,1, , 
1807,3-85-1,1, , 
1808,3-85-2,1, , 
1809,3-85-3,1, , 
1810,3-85-4,1, , 
1811,3-86-2,1, , 
1812,3-86-3,1, , 
1813,3-87-1,1, , 
1814,3-87-3,1, , 
1815,3-87-4,1, , 
1816,3-87-5,1, , 
1817,3-88-1,1, , 
1818,3-88-2,1, , 
1819,3-88-3,1,ALIANZA ELECTORAL ALIANZA CAJAMARCA SIEMPRE VERDE - FUERZA 2011 ,2018 
1820,3-88-4,1, , 
1821,3-88-5,1, , 
1822,3-88-6,1, , 
1823,3-90-1,1,MOVIMIENTO REGIONAL O DEPARTAMENTAL MOVIMIENTO ETNOCACERISTA REGIONAL DEL CUSCO ,2019 
1824,3-90-2,1, , 
1825,3-90-3,1, , 
1826,3-90-4,1, , 
1827,3-90-5,1,PARTIDO POLÍTICO PARTIDO NACIONALISTA PERUANO ,2014 
1828,3-91-1,1, , 
1829,3-91-2,1, , 
1830,3-91-3,1, , 
1831,3-91-4,1, , 
1832,3-91-5,1, , 
1833,3-92-4,1,MOVIMIENTO INTEGRACIÓN LORETANA - MIL ,2017 
1834,3-93-1,1, , 
1835,3-93-2,1, , 
1836,3-93-3,1,PARTIDO POLÍTICO PERU POSIBLE ,2004 
1837,3-93-4,1,PARTIDO POLÍTICO ACCION POPULAR ,2015 
1838,3-93-7,1,PARTIDO POLÍTICO PARTIDO JUSTICIA NACIONAL ,2007 
1839,3-93-11,1, , 
1840,3-93-13,1,PARTIDO POLÍTICO PARTIDO POPULAR CRISTIANO - PPC ,2012 
1841,3-93-14,1, , 
1842,3-93-15,1, , 
1843,3-93-16,1, , 
1844,3-93-17,1,PARTIDO POLÍTICO PERU PATRIA SEGURA ,2019 
1845,3-93-18,1, , 
1846,3-93-19,1, , 
1847,3-93-20,1, , 
1848,3-93-21,1, , 
1849,3-93-22,1, , 
1850,3-93-23,1, , 
1851,3-93-24,1, , 
1852,3-93-26,1,PARTIDO POLÍTICO ALIANZA PARA EL PROGRESO ,2013 
1853,3-93-27,1,PARTIDO POLÍTICO RESTAURACION NACIONAL ,2015 
1854,3-93-28,1, , 
1855,3-93-30,1, , 
1856,3-93-32,1, , 
1857,3-94-1,1, , 
1858,3-94-2,1, , 
1859,3-94-3,1, , 
1860,3-94-4,1, , 
1861,3-94-5,1, , 
1862,3-96-1,1, , 
1863,3-96-2,1, , 
1864,3-96-3,1, , 
1865,3-97-1,1, , 
1866,3-97-2,1, , 
1867,3-97-3,1, , 
1868,3-97-4,1, , 
1869,3-97-5,1, , 
1870,3-98-1,1, , 
1871,3-98-2,1, , 
1872,3-98-3,1, , 
1873,3-99-1,1,MOVIMIENTO REGIONAL O DEPARTAMENTAL JUNIN SOSTENIBLE CON SU GENTE ,2018 
1874,3-99-3,1, , 
1875,3-99-4,1, , 
1876,3-100-1,1, , 
1877,3-100-3,1, , 
1878,3-101-1,1, , 
1879,3-101-2,1, , 
1880,3-101-3,1, , 
1881,3-102-1,1,PARTIDO POLÍTICO SOLIDARIDAD NACIONAL ,2011 
1882,3-102-2,1, , 
1883,3-102-3,1, , 
1884,3-102-4,1,PARTIDO POLÍTICO PARTIDO APRISTA PERUANO ,2014 
1885,3-102-5,1, , 
1886,3-102-6,1, , 
1887,3-102-7,1, , 
1888,3-103-2,1, , 
1889,3-103-3,1, , 
1890,3-104-1,1, , 
1891,3-104-2,1, , 
1892,3-104-4,1,PARTIDO POLÍTICO TODOS POR EL PERU ,2018 
1893,3-104-5,1, , 
1894,3-105-2,1, , 
1895,3-105-3,1, , 
1896,3-105-4,1, , 
1897,3-106-2,1,PARTIDO POLÍTICO ALIANZA PARA EL PROGRESO ,2019 
1898,3-106-3,1, , 
1899,3-106-4,1, , 
1900,3-109-1,1, , 
1901,3-110-1,1, , 
1902,3-110-2,1, , 
1903,3-110-3,1, , 
1904,3-111-1,1, , 
1905,3-111-2,1, , 
1906,3-111-3,1, , 
1907,3-112-1,1, , 
1908,3-112-2,1, , 
1909,3-113-1,1,MOVIMIENTO REGIONAL O DEPARTAMENTAL FRENTE POPULAR LLAPANCHIK ,2010 
1910,3-113-2,1, , 
1911,3-113-3,1,PARTIDO POLÍTICO PARTIDO NACIONALISTA PERUANO ,2010 
1912,3-113-3,2,PARTIDO POLÍTICO PARTIDO APRISTA PERUANO ,2004 
1913,3-114-3,1,PARTIDO POLÍTICO PARTIDO APRISTA PERUANO ,2016 
1914,3-114-4,1, , 
1915,3-114-5,1, , 
1916,3-115-1,1, , 
1917,3-115-2,1, , 
1918,3-115-3,1, , 
1919,3-115-4,1, , 
1920,3-116-1,1, , 
1921,3-116-2,1, , 
1922,3-116-3,1,PARTIDO POLÍTICO ALIANZA PARA EL PROGRESO ,2019 
1923,3-116-4,1, , 
1924,3-116-5,1,PARTIDO POLÍTICO PARTIDO POPULAR CRISTIANO - PPC ,2018 
1925,3-116-6,1, , 
1926,3-117-1,1, , 
1927,3-117-2,1, , 
1928,3-117-3,1,PARTIDO POLÍTICO PARTIDO NACIONALISTA PERUANO ,2015 
1929,3-118-1,1, , 
1930,3-118-2,1, , 
1931,3-118-3,1, , 
1932,3-118-4,1, , 
1933,3-118-5,1, , 
1934,3-119-1,1, , 
1935,3-119-2,1, , 
1936,3-119-3,1, , 
1937,3-120-1,1,PARTIDO POLÍTICO ALIANZA PARA EL PROGRESO ,2004 
1938,3-120-1,2,"MOVIMIENTO REGIONAL ""PICO"" PUNO ",2017 
1939,3-120-2,1, , 
1940,3-120-3,1, , 
1941,3-120-5,1, , 
1942,3-121-1,1,MOVIMIENTO REGIONAL O DEPARTAMENTAL MOVIMIENTO REGIONAL AYNI ,2019 
1943,3-121-2,1, , 
1944,3-121-3,1, , 
1945,3-122-2,1, , 
1946,3-122-3,1,PARTIDO POLÍTICO AGRUPACION INDEPENDIENTE SI CUMPLE ,2007 
1947,3-123-2,1, , 
1948,3-123-3,1,PARTIDO POLÍTICO PARTIDO APRISTA PERUANO ,2016 
1949,3-123-4,1, , 
1950,3-124-1,1,MOVIMIENTO REGIONAL O DEPARTAMENTAL MOVIMIENTO DE INTEGRACION AMAZONICA ,2019 
1951,3-124-2,1, , 
1952,3-124-3,1, , 
1953,3-125-1,1, , 
1954,3-125-2,1, , 
1955,3-125-3,1,PARTIDO POLÍTICO UNION POR EL PERU ,2017 
1956,3-125-4,1, , 
1957,3-125-5,1, , 
1958,3-125-6,1,PARTIDO POLÍTICO PARTIDO POPULAR CRISTIANO - PPC ,2016 
1959,3-126-1,1, , 
1960,3-126-2,1, , 
1961,3-126-3,1, , 
1962,3-126-4,1, , 
1963,3-127-1,1,"PARTIDO POLÍTICO EL FRENTE AMPLIO POR JUSTICIA, VIDA Y LIBERTAD ",2015 
1964,3-127-1,2,PARTIDO POLÍTICO TODOS POR EL PERU ,2019 
1965,3-127-2,1, , 
1966,3-127-3,1, , 
1967,3-128-1,1,PARTIDO POLÍTICO PARTIDO DEMOCRATICO SOMOS PERU ,2018 
1968,3-128-2,1, , 
1969,3-128-3,1, , 
1970,3-129-1,1, , 
1971,3-129-2,1,PARTIDO POLÍTICO PARTIDO NACIONALISTA PERUANO ,2019 
1972,3-129-3,1, , 
1973,3-129-5,1,PARTIDO POLÍTICO MOVIMIENTO NUEVA IZQUIERDA ,2012 
1974,3-130-1,1, , 
1975,3-130-2,1, , 
1976,3-130-3,1, , 
1977,3-131-1,1, , 
1978,3-131-2,1, , 
1979,3-131-3,1, , 
1980,3-131-4,1, , 
1981,3-131-5,1, , 
1982,3-131-6,1,PARTIDO POLÍTICO AGRUPACION INDEPENDIENTE SI CUMPLE ,2007 
1983,3-132-1,1, , 
1984,3-132-2,1, , 
1985,3-132-3,1, , 
1986,3-133-1,1, , 
1987,3-133-2,1, , 
1988,3-133-3,1,ALIANZA POPULAR REVOLUCIONARIA AMERICANA - APRA ,2016 
1989,3-133-4,1,PARTIDO POLÍTICO PARTIDO DEMOCRATICO SOMOS PERU ,2014 
1990,3-133-4,2,MOVIMIENTO REGIONAL O DEPARTAMENTAL UNIDAD POPULAR REGIONAL PIURA ,2011 
1991,3-133-5,1, , 
1992,3-133-6,1, , 
1993,3-133-7,1, , 
1994,3-134-1,1, , 
1995,3-134-2,1, , 
1996,3-134-3,1, , 
1997,3-135-1,1, , 
1998,3-135-2,1,PARTIDO POLÍTICO PERU NACION ,2019 
1999,3-135-3,1, , 
2000,3-135-4,1, , 
2001,3-135-5,1, , 
2002,3-135-6,1, , 
2003,3-135-7,1,PARTIDO POLÍTICO UNION POR EL PERU ,2010 
2004,3-136-1,1, , 
2005,3-136-2,1, , 
2006,3-136-3,1, , 
2007,3-137-1,1,PARTIDO POLÍTICO PARTIDO DEMOCRATICO SOMOS PERU ,2016 
2008,3-137-3,1,PARTIDO POLÍTICO PARTIDO NACIONALISTA PERUANO ,2011 
2009,3-137-4,1, , 
2010,3-138-1,1,PARTIDO POLÍTICO PERU POSIBLE ,2017 
2011,3-138-3,1, , 
2012,3-138-4,1, , 
2013,3-138-5,1,PARTIDO POLÍTICO SOLIDARIDAD NACIONAL ,2010 
2014,3-138-5,2,PARTIDO POLÍTICO PARTIDO POPULAR CRISTIANO - PPC ,2012 
2015,3-138-6,1,PARTIDO POLÍTICO SOLIDARIDAD NACIONAL ,2016 
2016,3-138-7,1,PARTIDO POLÍTICO SOLIDARIDAD NACIONAL ,2012 
2017,3-138-7,2,PARTIDO POLÍTICO VAMOS PERU ,2017 
2018,3-138-8,1,PARTIDO POLÍTICO PARTIDO DEMOCRATICO SOMOS PERU ,2016 
2019,3-138-9,1,PARTIDO POLÍTICO SOLIDARIDAD NACIONAL ,2014 
2020,3-138-10,1,PARTIDO POLÍTICO PARTIDO POPULAR CRISTIANO - PPC ,2017 
2021,3-138-11,1, , 
2022,3-138-12,1,PARTIDO POLÍTICO SOLIDARIDAD NACIONAL ,2017 
2023,3-138-13,1, , 
2024,3-138-14,1, , 
2025,3-138-15,1,PARTIDO POLÍTICO SOLIDARIDAD NACIONAL ,2011 
2026,3-138-16,1, , 
2027,3-138-18,1, , 
2028,3-138-19,1, , 
2029,3-138-20,1,PARTIDO POLÍTICO PERU PATRIA SEGURA ,2015 
2030,3-138-20,2,PARTIDO POLÍTICO SOLIDARIDAD NACIONAL ,2014 
2031,3-138-22,1, , 
2032,3-138-23,1, , 
2033,3-138-24,1,PARTIDO POLÍTICO SOLIDARIDAD NACIONAL ,2014 
2034,3-138-26,1, , 
2035,3-138-27,1, , 
2036,3-138-28,1,PARTIDO POLÍTICO PERU PATRIA SEGURA ,2019 
2037,3-138-29,1, , 
2038,3-138-30,1, , 
2039,3-138-31,1, , 
2040,3-138-32,1, , 
2041,3-138-34,1, , 
2042,3-138-35,1, , 
2043,3-138-36,1, , 
2044,3-139-1,1, , 
2045,3-139-2,1,PARTIDO POLÍTICO ACCION POPULAR ,2019 
2046,3-139-3,1, , 
2047,3-139-4,1, , 
2048,3-140-1,1, , 
2049,3-140-3,1, , 
2050,3-140-4,1, , 
2051,3-141-1,1, , 
2052,3-141-3,1, , 
2053,3-141-4,1, , 
2054,3-141-5,1, , 
2055,3-142-1,1, , 
2056,3-142-2,1, , 
2057,3-142-3,1, , 
2058,3-142-4,1, , 
2059,3-142-5,1, , 
2060,3-145-1,1,PARTIDO POLÍTICO AVANZA PAIS - PARTIDO DE INTEGRACION SOCIAL ,2019 
2061,3-145-2,1, , 
2062,3-145-4,1,PARTIDO POLÍTICO PARTIDO DEMOCRATICO SOMOS PERU ,2018 
2063,3-146-1,1,"FRENTE AMPLIO POR JUSTICIA VIDA, Y LIBERTAD ",2015 
2064,3-146-2,1, , 
2065,3-146-3,1,MOVIMIENTO REGIONAL O DEPARTAMENTAL MOVIMIENTO INDEPENDIENTE NUESTRO ILO-MOQUEGUA ,2010 
2066,3-147-1,1, , 
2067,3-147-2,1, , 
2068,3-147-3,1,PARTIDO POLÍTICO PARTIDO NACIONALISTA PERUANO ,2016 
2069,3-148-3,1, , 
2070,3-149-1,1,PARTIDO POLÍTICO SOLIDARIDAD NACIONAL ,2017 
2071,3-149-2,1, , 
2072,3-149-3,1, , 
2073,3-149-4,1,PARTIDO POLÍTICO UNION POR EL PERU ,2019 
2074,3-149-5,1,MOVIMIENTO REGIONAL O DEPARTAMENTAL MOVIMIENTO REGIONAL ACUERDO POPULAR UNIFICADO ,2015 
2075,3-150-2,1, , 
2076,3-150-3,1, , 
2077,4-1-1,1,PARTIDO POLÍTICO ALIANZA PARA EL PROGRESO ,2015 
2078,4-1-2,1, , 
2079,4-2-1,1, , 
2080,4-2-2,1, , 
2081,4-3-1,1,MOVIMIENTO REGIONAL O DEPARTAMENTAL MOVIMIENTO INDEPENDIENTE REGIONALISTA AMAZONICO LORETO ,2017 
2082,4-3-2,1, , 
2083,4-3-4,1, , 
2084,4-4-2,1, , 
2085,4-4-3,1, , 
2086,4-5-1,1, , 
2087,4-5-2,1,PARTIDO POLÍTICO VAMOS PERU ,2019 
2088,4-5-2,2,PARTIDO POLÍTICO VAMOS PERU ,2017 
2089,4-5-3,1, , 
2090,4-6-1,1,MOVIMIENTO REGIONAL O DEPARTAMENTAL MOVIMIENTO INDEPENDIENTE INNOVACION REGIONAL ,2012 
2091,4-6-2,1, , 
2092,4-6-3,1, , 
2093,4-7-2,1, , 
2094,4-7-3,1, , 
2095,4-7-4,1, , 
2096,4-7-5,1, , 
2097,4-8-1,1, , 
2098,4-8-3,1, , 
2099,4-9-1,1, , 
2100,4-9-2,1,PARTIDO POLÍTICO PARTIDO DEMOCRATICO SOMOS PERU ,2019 
2101,4-9-3,1, , 
2102,4-9-4,1,PARTIDO POLÍTICO PARTIDO POPULAR CRISTIANO - PPC ,2019 
2103,4-10-1,1, , 
2104,4-10-2,1, , 
2105,4-10-3,1, , 
2106,4-11-1,1,ALIANZA ELECTORAL ALIANZA PERU POSIBLE ,2010 
2107,4-11-2,1, , 
2108,4-11-3,1, , 
2109,4-11-4,1, , 
2110,4-12-1,1, , 
2111,4-12-2,1,PARTIDO POLÍTICO PERU POSIBLE ,2017 
2112,4-12-3,1,PARTIDO POLÍTICO PARTIDO DEMOCRATICO SOMOS PERU ,2019 
2113,4-12-4,1, , 
2114,4-13-1,1, , 
2115,4-13-2,1, , 
2116,4-13-3,1, , 
2117,4-13-4,1, , 
2118,4-13-5,1,PARTIDO POLÍTICO ACCION POPULAR ,2017 
2119,4-14-1,1, , 
2120,4-14-2,1,PARTIDO POLÍTICO PARTIDO DEMOCRATICO SOMOS PERU ,2018 
2121,4-14-3,1, , 
2122,4-15-1,1, , 
2123,4-15-2,1, , 
2124,4-15-3,1, , 
2125,4-15-5,1, , 
2126,4-16-1,1,MOVIMIENTO REGIONAL O DEPARTAMENTAL PARTIDO REGIONAL DE INTEGRACION ,2008 
2127,4-16-2,1, , 
2128,4-16-3,1, , 
2129,4-16-4,1, , 
2130,4-17-1,1, , 
2131,4-17-2,1, , 
2132,4-17-3,1, , 
2133,4-17-4,1, , 
2134,4-17-5,1, , 
2135,4-17-6,1, , 
2136,4-17-7,1, , 
2137,4-18-1,1, , 
2138,4-18-3,1, , 
2139,4-18-4,1, , 
2140,4-18-5,1, , 
2141,4-19-1,1,PARTIDO POLÍTICO PARTIDO NACIONALISTA PERUANO ,2015 
2142,4-20-1,1,PARTIDO POLÍTICO PARTIDO NACIONALISTA PERUANO ,2019 
2143,4-20-2,1, , 
2144,4-21-1,1,PARTIDO POLÍTICO TODOS POR EL PERU ,2014 
2145,4-21-2,1, , 
2146,4-22-1,1,"PARTIDO POLÍTICO EL FRENTE AMPLIO POR JUSTICIA, VIDA Y LIBERTAD ",2013 
2147,4-22-1,2,PARTIDO POLÍTICO SOLUCION NACIONAL ,2008 
2148,4-22-2,1,PARTIDO POLÍTICO AVANZA PAIS - PARTIDO DE INTEGRACION SOCIAL ,2019 
2149,4-22-2,2,PARTIDO POLÍTICO PARTIDO DEMOCRATICO SOMOS PERU ,2017 
2150,4-22-3,1, , 
2151,4-22-5,1, , 
2152,4-23-2,1, , 
2153,4-23-3,1, , 
2154,4-24-1,1, , 
2155,4-24-3,1,PARTIDO POLÍTICO MOVIMIENTO NUEVA IZQUIERDA ,2008 
2156,4-25-1,1,PARTIDO POLÍTICO PARTIDO NACIONALISTA PERUANO ,2010 
2157,4-25-2,1, , 
2158,4-25-3,1,ORGANIZACIÓN POLÍTICA LOCAL DISTRITAL TOURNAVISTA EN ACCION ,2013 
2159,4-26-1,1, , 
2160,4-26-2,1, , 
2161,4-26-3,1, , 
2162,4-27-3,1,MOVIMIENTO REGIONAL O DEPARTAMENTAL KAUSACHUN ,2014 
2163,4-28-1,1,MOVIMIENTO REGIONAL O DEPARTAMENTAL POR TI CALLAO ,2015 
2164,4-28-2,1, , 
2165,4-30-1,1, , 
2166,4-30-2,1,PARTIDO POLÍTICO PARTIDO NACIONALISTA PERUANO ,2017 
2167,4-30-3,1, , 
2168,4-31-1,1,PARTIDO POLÍTICO PARTIDO NACIONALISTA PERUANO ,2016 
2169,4-31-2,1, , 
2170,4-31-3,1, , 
2171,4-31-4,1,PARTIDO POLÍTICO PARTIDO NACIONALISTA PERUANO ,2018 
2172,4-31-5,1,PARTIDO POLÍTICO RENACIMIENTO UNIDO NACIONAL ,2017 
2173,4-31-6,1, , 
2174,4-31-7,1,PARTIDO POLÍTICO PARTIDO NACIONALISTA PERUANO ,2015 
2175,4-31-8,1,PARTIDO POLÍTICO AVANZA PAIS - PARTIDO DE INTEGRACION SOCIAL ,2019 
2176,4-31-8,2,PARTIDO POLÍTICO SOLIDARIDAD NACIONAL ,2017 
2177,4-31-9,1,PARTIDO POLÍTICO SOLIDARIDAD NACIONAL ,2019 
2178,4-31-10,1,PARTIDO POLÍTICO AVANZA PAIS - PARTIDO DE INTEGRACION SOCIAL ,2019 
2179,4-31-10,2,PARTIDO POLÍTICO RENACIMIENTO UNIDO NACIONAL ,2011 
2180,4-31-11,1,PARTIDO POLÍTICO SOLIDARIDAD NACIONAL ,2017 
2181,4-31-13,1, , 
2182,4-31-14,1, , 
2183,4-31-15,1,PARTIDO POLÍTICO AVANZA PAIS - PARTIDO DE INTEGRACION SOCIAL ,2019 
2184,4-31-15,2,PARTIDO POLÍTICO PARTIDO DEMOCRATICO SOMOS PERU ,2014 
2185,4-31-16,1, , 
2186,4-31-18,1,PARTIDO POLÍTICO UNION POR EL PERU ,2017 
2187,4-31-19,1,PARTIDO POLÍTICO PARTIDO POLÍTICO CONTIGO ,2019 
2188,4-31-20,1,PARTIDO POLÍTICO SOLIDARIDAD NACIONAL ,2016 
2189,4-31-21,1, , 
2190,4-31-22,1,PARTIDO POLÍTICO PARTIDO APRISTA PERUANO ,2009 
2191,4-31-23,1, , 
2192,4-31-24,1, , 
2193,4-31-25,1,PARTIDO POLÍTICO SOLIDARIDAD NACIONAL ,2019 
2194,4-31-26,1,PARTIDO POLÍTICO PERU PATRIA SEGURA ,2016 
2195,4-31-26,2,PARTIDO POLÍTICO ACCION POPULAR ,2009 
2196,4-31-27,1,PARTIDO POLÍTICO PARTIDO POPULAR CRISTIANO - PPC ,2019 
2197,4-31-27,2,PARTIDO POLÍTICO PARTIDO APRISTA PERUANO ,2009 
2198,4-31-28,1, , 
2199,4-31-29,1,PARTIDO POLÍTICO PARTIDO JUSTICIA NACIONAL ,2007 
2200,4-31-31,1, , 
2201,4-31-32,1,PARTIDO POLÍTICO ACCION POPULAR ,2019 
2202,4-31-32,2,PARTIDO POLÍTICO ALIANZA PARA EL PROGRESO ,2018 
2203,4-31-33,1, , 
2204,4-31-34,1,PARTIDO POLÍTICO SOLIDARIDAD NACIONAL ,2017 
2205,4-31-35,1,PARTIDO POLÍTICO CAMBIO RADICAL ,2012 
2206,4-31-36,1,PARTIDO POLÍTICO FRENTE INDEPENDIENTE MORALIZADOR ,2005 
2207,4-32-3,1, , 
2208,4-33-1,1, , 
2209,4-33-2,1, , 
2210,4-33-3,1, , 
2211,4-33-4,1, , 
2212,4-34-1,1,PARTIDO POLÍTICO PARTIDO NACIONALISTA PERUANO ,2019 
2213,4-34-2,1,PARTIDO POLÍTICO PARTIDO APRISTA PERUANO ,2017 
2214,4-34-2,2,MOVIMIENTO REGIONAL O DEPARTAMENTAL MOVIMIENTO REGIONAL SEGURIDAD Y PROSPERIDAD ,2018 
2215,4-34-3,1,PARTIDO POLÍTICO PARTIDO POPULAR CRISTIANO - PPC ,2010 
2216,4-34-4,1, , 
2217,4-34-5,1,PARTIDO POLÍTICO PARTIDO DEMOCRATICO SOMOS PERU ,2013 
2218,4-34-6,1, , 
2219,4-34-7,1,MOVIMIENTO REGIONAL O DEPARTAMENTAL REGION PARA TODOS ,2019 
2220,4-35-2,1, , 
2221,4-35-3,1, , 
2222,4-35-4,1,PARTIDO POLÍTICO RESTAURACION NACIONAL ,2018 
2223,4-35-5,1, , 
2224,4-35-6,1,PARTIDO POLÍTICO UNION POR EL PERU ,2014 
2225,4-36-1,1, , 
2226,4-36-2,1,PARTIDO POLÍTICO ACCION POPULAR ,2009 
2227,4-36-3,1, , 
2228,4-36-4,1, , 
2229,4-36-5,1, , 
2230,4-37-1,1, , 
2231,4-37-2,1, , 
2232,4-37-3,1, , 
2233,4-37-4,1, , 
2234,4-37-5,1, , 
2235,4-38-1,1, , 
2236,4-38-2,1, , 
2237,4-38-3,1, , 
2238,4-38-4,1, , 
2239,4-38-5,1, , 
2240,4-39-1,1, , 
2241,4-39-2,1, , 
2242,4-39-3,1, , 
2243,4-39-4,1, , 
2244,4-40-1,1, , 
2245,4-40-2,1, , 
2246,4-40-3,1, , 
2247,4-41-1,1, , 
2248,4-41-3,1, , 
2249,4-42-1,1, , 
2250,4-42-2,1,PARTIDO POLÍTICO ACCION POPULAR ,2007 
2251,4-42-4,1, , 
2252,4-42-5,1, , 
2253,4-43-4,1,MOVIMIENTO INDEPENDIENTE REGIONALISTA AMAZONICO ,2019 
2254,4-44-1,1,PARTIDO POLÍTICO PARTIDO APRISTA PERUANO ,2009 
2255,4-44-2,1, , 
2256,4-44-3,1, , 
2257,4-45-2,1, , 
2258,4-45-3,1, , 
2259,4-46-1,1, , 
2260,4-46-2,1,"MOVIMIENTO REGIONAL ""POR TI CALLAO"" ",2019 
2261,4-46-3,1, , 
2262,4-46-4,1, , 
2263,4-47-1,1, , 
2264,4-47-2,1, , 
2265,4-47-3,1,"PARTIDO POLÍTICO EL FRENTE AMPLIO POR JUSTICIA, VIDA Y LIBERTAD ",2018 
2266,4-48-3,1, , 
2267,4-48-4,1, , 
2268,4-48-10,1, , 
2269,4-48-19,1, , 
2270,4-48-21,1, , 
2271,4-48-28,1, , 
2272,4-49-1,1, , 
2273,4-49-2,1, , 
2274,4-49-3,1, , 
2275,4-49-4,1, , 
2276,4-49-5,1, , 
2277,4-49-6,1, , 
2278,4-49-7,1,PARTIDO POLÍTICO TODOS POR EL PERU ,2018 
2279,4-49-8,1, , 
2280,4-49-9,1, , 
2281,4-49-10,1, , 
2282,4-49-11,1,ALIANZA ELECTORAL PERÚ POSIBLE ,2009 
2283,4-49-12,1, , 
2284,4-49-13,1, , 
2285,4-49-15,1,PARTIDO POLÍTICO ACCION POPULAR ,1985 
2286,4-49-16,1, , 
2287,4-49-17,1,PARTIDO POLÍTICO PARTIDO POPULAR CRISTIANO - PPC ,2014 
2288,4-49-18,1, , 
2289,4-49-19,1, , 
2290,4-49-20,1, , 
2291,4-49-21,1, , 
2292,4-49-22,1, , 
2293,4-49-23,1, , 
2294,4-49-24,1, , 
2295,4-49-25,1,PARTIDO POLÍTICO PERU POSIBLE ,2015 
2296,4-49-26,1,PARTIDO POLÍTICO ACCION POPULAR ,1990 
2297,4-49-27,1,PARTIDO POLÍTICO ACCION POPULAR ,2019 
2298,4-49-28,1, , 
2299,4-49-29,1, , 
2300,4-49-30,1,ALIANZA ELECTORAL PERÚ POSIBLE ,2017 
2301,4-49-31,1, , 
2302,4-49-32,1, , 
2303,4-49-33,1, , 
2304,4-49-34,1, , 
2305,4-49-35,1, , 
2306,4-49-36,1, , 
2307,4-50-2,1, , 
2308,4-51-3,1,PARTIDO POLÍTICO UNION POR EL PERU ,2014 
2309,4-51-3,2,PARTIDO POLÍTICO PERU LIBRE ,2019 
2310,4-51-4,1,PARTIDO POLÍTICO PERU POSIBLE ,2006 
2311,4-52-2,1, , 
2312,4-54-1,1, , 
2313,4-54-2,1,PARTIDO POLÍTICO PARTIDO APRISTA PERUANO ,2014 
2314,4-54-3,1, , 
2315,4-54-4,1, , 
2316,4-55-1,1,PARTIDO POLÍTICO PARTIDO POPULAR CRISTIANO - PPC ,2014 
2317,4-55-1,2,MOVIMIENTO REGIONAL COMBINA JUNIN ,2019 
2318,4-55-2,1, , 
2319,4-55-3,1, , 
2320,4-55-4,1, , 
2321,4-55-5,1,ALIANZA ELECTORAL CAMINEMOS JUNTOS POR JUNIN. ,2019 
2322,4-55-5,2,PARTIDO POLÍTICO FUERZA POPULAR ,2017 
2323,4-56-1,1, , 
2324,4-56-2,1,PARTIDO POLÍTICO FUERZA NACIONAL ,2010 
2325,4-56-3,1,PARTIDO POLÍTICO ACCION POPULAR ,2014 
2326,4-57-2,1, , 
2327,4-57-3,1, , 
2328,4-57-4,1, , 
2329,4-58-1,1, , 
2330,4-58-2,1, , 
2331,4-58-3,1, , 
2332,4-59-1,1, , 
2333,4-59-2,1, , 
2334,4-60-1,1,PARTIDO POLÍTICO PERU POSIBLE ,2007 
2335,4-60-2,1, , 
2336,4-60-3,1, , 
2337,4-61-1,1, , 
2338,4-61-2,1,PARTIDO POLÍTICO PERU POSIBLE ,2017 
2339,4-61-3,1, , 
2340,4-61-4,1, , 
2341,4-61-5,1, , 
2342,4-62-1,1,PARTIDO POLÍTICO ALIANZA PARA EL PROGRESO ,2014 
2343,4-62-1,2,PARTIDO POLÍTICO PERU POSIBLE ,2012 
2344,4-62-2,1,FUERZA REGIONAL ,2017 
2345,4-62-2,2,PATRIA JOVEN ,2019 
2346,4-62-3,1, , 
2347,4-62-4,1, , 
2348,4-63-1,1,DEMOCRACIA DIRECTA ,2018 
2349,4-63-2,1, , 
2350,4-63-3,1, , 
2351,4-63-4,1, , 
2352,4-63-6,1, , 
2353,4-63-7,1,DEMOCRACIA DIRECTA ,2019 
2354,4-64-1,1, , 
2355,4-64-2,1, , 
2356,4-64-3,1, , 
2357,4-64-4,1, , 
2358,4-65-1,1, , 
2359,4-65-2,1, , 
2360,4-65-3,1, , 
2361,4-66-1,1,PARTIDO POLÍTICO PARTIDO NACIONALISTA PERUANO ,2010 
2362,4-66-4,1, , 
2363,4-67-3,1, , 
2364,4-67-4,1, , 
2365,4-68-1,1,PARTIDO POLÍTICO PARTIDO APRISTA PERUANO ,2014 
2366,4-68-2,1, , 
2367,4-68-4,1, , 
2368,4-68-5,1, , 
2369,4-68-6,1, , 
2370,4-68-7,1, , 
2371,4-69-2,1, , 
2372,4-69-3,1, , 
2373,4-69-4,1, , 
2374,4-69-5,1, , 
2375,4-70-1,1, , 
2376,4-70-2,1, , 
2377,4-70-3,1, , 
2378,4-70-4,1, , 
2379,4-71-1,1, , 
2380,4-71-3,1, , 
2381,4-71-4,1, , 
2382,4-71-5,1, , 
2383,4-72-1,1,PARTIDO POLÍTICO ALIANZA PARA EL PROGRESO ,2012 
2384,4-72-1,2,PARTIDO POLÍTICO FUERZA POPULAR ,2017 
2385,4-72-2,1, , 
2386,4-72-3,1,PARTIDO POLÍTICO ALIANZA PARA EL PROGRESO ,2013 
2387,4-72-4,1, , 
2388,4-73-1,1, , 
2389,4-73-3,1, , 
2390,4-73-4,1, , 
2391,4-73-5,1, , 
2392,4-74-1,1, , 
2393,4-74-2,1, , 
2394,4-74-3,1, , 
2395,4-74-4,1, , 
2396,4-74-5,1, , 
2397,4-74-6,1, , 
2398,4-75-1,1,PARTIDO POLÍTICO ALIANZA PARA EL PROGRESO ,2017 
2399,4-75-1,2,PARTIDO POLÍTICO PARTIDO NACIONALISTA PERUANO ,2010 
2400,4-75-2,1,PARTIDO POLÍTICO ACCION POPULAR ,2013 
2401,4-75-4,1, , 
2402,4-75-5,1, , 
2403,4-76-1,1, , 
2404,4-77-1,1,PARTIDO POLÍTICO ACCION POPULAR ,2019 
2405,4-77-2,1,ORGANIZACIÓN POLÍTICA LOCAL DISTRITAL FRENTE INDEPENDIENTE EL FUTURO ES AHORA ,2011 
2406,4-78-1,1, , 
2407,4-78-2,1, , 
2408,4-78-3,1, , 
2409,4-79-1,1,PARTIDO POLÍTICO SOLIDARIDAD NACIONAL ,2014 
2410,4-79-2,1,PARTIDO POLÍTICO PARTIDO NACIONALISTA PERUANO ,2014 
2411,4-79-3,1, , 
2412,4-79-4,1, , 
2413,4-79-5,1, , 
2414,4-79-6,1, , 
2415,4-80-1,1, , 
2416,4-80-3,1, , 
2417,4-80-4,1, , 
2418,4-81-1,1,PARTIDO POLÍTICO PARTIDO DEMOCRATICO SOMOS PERU ,2019 
2419,4-81-2,1,PARTIDO POLÍTICO TODOS POR EL PERU ,2019 
2420,4-81-3,1, , 
2421,4-82-1,1, , 
2422,4-82-2,1, , 
2423,4-82-3,1, , 
2424,4-82-4,1, , 
2425,4-82-5,1,PARTIDO POLÍTICO PARTIDO POPULAR CRISTIANO - PPC ,2019 
2426,4-82-6,1, , 
2427,4-83-2,1, , 
2428,4-83-3,1, , 
2429,4-83-4,1, , 
2430,4-84-1,1, , 
2431,4-84-2,1, , 
2432,4-84-3,1, , 
2433,4-84-5,1,AGRUPACIÓN INDEPENDIENTE SI CUMPLE ,2007 
2434,4-84-6,1, , 
2435,4-85-1,1, , 
2436,4-85-2,1, , 
2437,4-85-3,1, , 
2438,4-85-4,1, , 
2439,4-85-5,1, , 
2440,4-86-1,1, , 
2441,4-86-2,1, , 
2442,4-87-1,1, , 
2443,4-87-2,1, , 
2444,4-87-3,1, , 
2445,4-88-1,1, , 
2446,4-88-4,1, , 
2447,4-89-1,1,PARTIDO POLÍTICO PARTIDO NACIONALISTA PERUANO ,2015 
2448,4-89-3,1, , 
2449,4-89-5,1, , 
2450,4-90-1,1, , 
2451,4-90-2,1,PARTIDO POLÍTICO PARTIDO NACIONALISTA PERUANO ,2019 
2452,4-90-4,1, , 
2453,4-90-5,1, , 
2454,4-90-6,1, , 
2455,4-91-1,1, , 
2456,4-91-2,1, , 
2457,4-91-3,1,PARTIDO POLÍTICO ALIANZA PARA EL PROGRESO ,2018 
2458,4-92-1,1,PARTIDO POLÍTICO PARTIDO POR LA DEMOCRACIA SOCIAL - COMPROMISO PERU ,2007 
2459,4-92-2,1, , 
2460,4-92-3,1,PARTIDO POLÍTICO PERU POSIBLE ,2015 
2461,4-92-4,1,PARTIDO POLÍTICO TODOS POR EL PERU ,2017 
2462,4-92-5,1, , 
2463,4-92-6,1,PARTIDO POLÍTICO PARTIDO DEMOCRATICO SOMOS PERU ,2015 
2464,4-92-7,1,PARTIDO POLÍTICO PARTIDO POR LA DEMOCRACIA SOCIAL - COMPROMISO PERU ,2006 
2465,4-92-7,2,PARTIDO POLÍTICO PARTIDO DEMOCRATICO SOMOS PERU ,2015 
2466,4-92-8,1, , 
2467,4-92-9,1,PARTIDO POLÍTICO ACCION POPULAR ,1983 
2468,4-92-10,1, , 
2469,4-92-11,1, , 
2470,4-92-12,1, , 
2471,4-92-13,1, , 
2472,4-92-14,1, , 
2473,4-92-16,1, , 
2474,4-92-17,1,PARTIDO POLÍTICO TODOS POR EL PERU ,2017 
2475,4-92-18,1, , 
2476,4-92-19,1, , 
2477,4-92-20,1,PARTIDO POLÍTICO TODOS POR EL PERU ,2019 
2478,4-92-20,2,PARTIDO POLÍTICO PARTIDO DESCENTRALISTA FUERZA SOCIAL ,2012 
2479,4-92-21,1, , 
2480,4-92-22,1, , 
2481,4-92-23,1, , 
2482,4-92-24,1, , 
2483,4-92-25,1, , 
2484,4-92-26,1, , 
2485,4-92-27,1, , 
2486,4-92-28,1,PARTIDO POLÍTICO PARTIDO NACIONALISTA PERUANO ,2016 
2487,4-92-29,1, , 
2488,4-92-30,1, , 
2489,4-92-31,1, , 
2490,4-92-32,1,PARTIDO POLÍTICO PERU POSIBLE ,2017 
2491,4-92-33,1, , 
2492,4-92-34,1, , 
2493,4-92-35,1, , 
2494,4-92-36,1, , 
2495,4-94-1,1, , 
2496,4-94-2,1, , 
2497,4-94-3,1, , 
2498,4-94-4,1, , 
2499,4-94-5,1, , 
2500,4-94-6,1, , 
2501,4-94-7,1,PARTIDO POLÍTICO PARTIDO APRISTA PERUANO ,2016 
2502,4-95-1,1, , 
2503,4-95-2,1,PARTIDO POLÍTICO PARTIDO APRISTA PERUANO ,2011 
2504,4-95-3,1, , 
2505,4-95-4,1, , 
2506,4-95-5,1, , 
2507,4-95-6,1,PARTIDO POLÍTICO RESTAURACION NACIONAL ,2018 
2508,4-95-7,1, , 
2509,4-96-1,1, , 
2510,4-96-2,1, , 
2511,4-96-3,1, , 
2512,4-97-1,1,FUERZA NACIONAL Y NACION VERDE ,2018 
2513,4-97-2,1, , 
2514,4-97-3,1, , 
2515,4-97-4,1, , 
2516,4-98-1,1,MOVIMIENTO REGIONAL O DEPARTAMENTAL MOVIMIENTO REGIONAL UNIDAD CIVICA LIMA ,2017 
2517,4-98-2,1,PARTIDO POLÍTICO PARTIDO APRISTA PERUANO ,2010 
2518,4-98-3,1, , 
2519,4-98-4,1, , 
2520,4-99-2,1, , 
2521,4-99-3,1, , 
2522,4-100-1,1,MOVIMIENTO REGIONAL O DEPARTAMENTAL UCAYALI REGION CON FUTURO ,2019 
2523,4-100-2,1, , 
2524,4-101-1,1,MOVIMIENTO REGIONAL O DEPARTAMENTAL MOVIMIENTO INDEPENDIENTE REGIONAL RIO SANTA CAUDALOSO ,2017 
2525,4-101-3,1,PARTIDO POLÍTICO ALIANZA PARA EL PROGRESO ,2015 
2526,4-101-4,1, , 
2527,4-101-5,1,PARTIDO POLÍTICO AGRUPACION INDEPENDIENTE SI CUMPLE ,2010 
2528,4-102-1,1,PARTIDO POLÍTICO PERU POSIBLE ,2017 
2529,4-102-2,1,PARTIDO POLÍTICO ALIANZA PARA EL PROGRESO ,2018 
2530,4-102-2,2,PARTIDO POLÍTICO PARTIDO NACIONALISTA PERUANO ,2006 
2531,4-102-3,1, , 
2532,4-103-1,1, , 
2533,4-103-2,1, , 
2534,4-103-3,1, , 
2535,4-103-4,1, , 
2536,4-103-5,1, , 
2537,4-103-6,1, , 
2538,4-103-7,1, , 
2539,4-103-8,1, , 
2540,4-103-9,1, , 
2541,4-103-10,1, , 
2542,4-103-12,1, , 
2543,4-103-13,1,PARTIDO POLÍTICO PARTIDO DEMOCRATICO SOMOS PERU ,2006 
2544,4-103-14,1, , 
2545,4-103-15,1, , 
2546,4-103-16,1, , 
2547,4-103-17,1, , 
2548,4-103-18,1, , 
2549,4-103-19,1, , 
2550,4-103-21,1, , 
2551,4-103-22,1, , 
2552,4-103-23,1, , 
2553,4-103-24,1, , 
2554,4-103-25,1, , 
2555,4-103-26,1, , 
2556,4-103-27,1, , 
2557,4-103-28,1, , 
2558,4-103-30,1, , 
2559,4-103-31,1, , 
2560,4-103-32,1, , 
2561,4-103-34,1, , 
2562,4-103-35,1, , 
2563,4-103-36,1, , 
2564,4-104-1,1, , 
2565,4-104-3,1, , 
2566,4-104-4,1, , 
2567,4-104-5,1, , 
2568,4-105-3,1, , 
2569,4-106-1,1, , 
2570,4-106-3,1, , 
2571,4-107-1,1, , 
2572,4-107-2,1, , 
2573,4-107-3,1, , 
2574,4-108-1,1, , 
2575,4-108-2,1, , 
2576,4-108-3,1,PARTIDO POLÍTICO ALIANZA PARA EL PROGRESO ,2004 
2577,4-108-4,1, , 
2578,4-109-1,1,PARTIDO POLÍTICO VAMOS PERU ,2019 
2579,4-109-2,1, , 
2580,4-109-3,1, , 
2581,4-110-1,1, , 
2582,4-110-2,1, , 
2583,4-110-3,1,MOVIMIENTO REGIONAL O DEPARTAMENTAL UNIDOS POR LA REGION ,2019 
2584,4-110-4,1, , 
2585,4-111-1,1, , 
2586,4-111-2,1, , 
2587,4-111-3,1, , 
2588,4-111-4,1, , 
2589,4-111-5,1, , 
2590,4-111-6,1, , 
2591,4-111-7,1, , 
2592,4-112-2,1, , 
2593,4-112-3,1, , 
2594,4-112-4,1, , 
2595,4-113-1,1,PARTIDO POLÍTICO PARTIDO NACIONALISTA PERUANO ,2017 
2596,4-113-3,1, , 
